<metadata xml:lang="es"><Esri><CreaDate>20230707</CreaDate><CreaTime>13424100</CreaTime><ArcGISFormat>1.0</ArcGISFormat><SyncOnce>FALSE</SyncOnce><DataProperties><lineage><Process ToolSource="c:\program files\arcgis\pro\Resources\ArcToolbox\toolboxes\Data Management Tools.tbx\CreateFeatureclass" Date="20230707" Time="134241">CreateFeatureclass "C:\Users\gsg010\AppData\Roaming\Esri\ArcGISPro\Favorites\PRO 10.8 SIG_GEOPORTAL.GEOPORTAL_OWNER (3).sde\SIG_GEOPORTAL.GEOPORTAL.SEÑALIZACION" SER_BANDA_APARCAMIENTO_2 Polyline # No Sí "PROJCS["ETRS_1989_UTM_Zone_30N",GEOGCS["GCS_ETRS_1989",DATUM["D_ETRS_1989",SPHEROID["GRS_1980",6378137.0,298.257222101]],PRIMEM["Greenwich",0.0],UNIT["Degree",0.0174532925199433]],PROJECTION["Transverse_Mercator"],PARAMETER["False_Easting",500000.0],PARAMETER["False_Northing",0.0],PARAMETER["Central_Meridian",-3.0],PARAMETER["Scale_Factor",0.9996],PARAMETER["Latitude_Of_Origin",0.0],UNIT["Meter",1.0]];-5120900 -9998100 10000;-100000 10000;-100000 10000;0.001;0.001;0.001;IsHighPrecision" # # # # #</Process><Process ToolSource="c:\program files\arcgis\pro\Resources\ArcToolbox\toolboxes\Data Management Tools.tbx\UpdateSchema" Date="20230707" Time="134247">UpdateSchema "C:\Users\gsg010\AppData\Roaming\Esri\ArcGISPro\Favorites\PRO 10.8 SIG_GEOPORTAL.GEOPORTAL_OWNER (3).sde\SIG_GEOPORTAL.GEOPORTAL.SEÑALIZACION\SER_BANDA_APARCAMIENTO_2" &lt;operationSequence&gt;&lt;workflow&gt;&lt;AddField&gt;&lt;field_name&gt;ID&lt;/field_name&gt;&lt;field_type&gt;Long&lt;/field_type&gt;&lt;field_alias&gt;ID&lt;/field_alias&gt;&lt;field_is_nullable&gt;TRUE&lt;/field_is_nullable&gt;&lt;field_length&gt;4&lt;/field_length&gt;&lt;/AddField&gt;&lt;/workflow&gt;&lt;workflow&gt;&lt;AddField&gt;&lt;field_name&gt;Color&lt;/field_name&gt;&lt;field_type&gt;TEXT&lt;/field_type&gt;&lt;field_alias&gt;Color&lt;/field_alias&gt;&lt;field_is_nullable&gt;TRUE&lt;/field_is_nullable&gt;&lt;field_length&gt;50&lt;/field_length&gt;&lt;/AddField&gt;&lt;/workflow&gt;&lt;workflow&gt;&lt;AddField&gt;&lt;field_name&gt;Bateria_Linea&lt;/field_name&gt;&lt;field_type&gt;TEXT&lt;/field_type&gt;&lt;field_alias&gt;Batería_L&lt;/field_alias&gt;&lt;field_is_nullable&gt;TRUE&lt;/field_is_nullable&gt;&lt;field_length&gt;10&lt;/field_length&gt;&lt;/AddField&gt;&lt;/workflow&gt;&lt;workflow&gt;&lt;AddField&gt;&lt;field_name&gt;Res_NumPlazas&lt;/field_name&gt;&lt;field_type&gt;Long&lt;/field_type&gt;&lt;field_alias&gt;Res_NumPla&lt;/field_alias&gt;&lt;field_is_nullable&gt;TRUE&lt;/field_is_nullable&gt;&lt;field_length&gt;4&lt;/field_length&gt;&lt;/AddField&gt;&lt;/workflow&gt;&lt;workflow&gt;&lt;AddField&gt;&lt;field_name&gt;Texto_Cajetines&lt;/field_name&gt;&lt;field_type&gt;TEXT&lt;/field_type&gt;&lt;field_is_nullable&gt;TRUE&lt;/field_is_nullable&gt;&lt;field_length&gt;255&lt;/field_length&gt;&lt;/AddField&gt;&lt;/workflow&gt;&lt;/operationSequence&gt;</Process><Process ToolSource="c:\program files\arcgis\pro\Resources\ArcToolbox\toolboxes\Data Management Tools.tbx\UpdateSchema" Date="20230707" Time="134249">UpdateSchema "C:\Users\gsg010\AppData\Roaming\Esri\ArcGISPro\Favorites\PRO 10.8 SIG_GEOPORTAL.GEOPORTAL_OWNER (3).sde\SIG_GEOPORTAL.GEOPORTAL.SEÑALIZACION\SER_BANDA_APARCAMIENTO_2" "&lt;operationSequence&gt;&lt;workflow&gt;&lt;AlterField&gt;&lt;field_name&gt;Id. de objeto&lt;/field_name&gt;&lt;field_alias&gt;Id. de objeto&lt;/field_alias&gt;&lt;/AlterField&gt;&lt;/workflow&gt;&lt;workflow&gt;&lt;AlterField&gt;&lt;field_name&gt;SHAPE&lt;/field_name&gt;&lt;field_alias&gt;SHAPE&lt;/field_alias&gt;&lt;/AlterField&gt;&lt;/workflow&gt;&lt;/operationSequence&gt;"</Process><Process ToolSource="c:\program files\arcgis\pro\Resources\ArcToolbox\toolboxes\Data Management Tools.tbx\Append" Date="20230707" Time="134734">Append incamadrid.dbo.INCA013_SER_Geo SIG_GEOPORTAL.GEOPORTAL.SER_BANDA_APARCAMIENTO_2 "Utilizar el mapa de campo para conciliar las diferencias de campo" "ID "ID" true true false 4 Long 0 0,First,#,incamadrid.dbo.INCA013_SER_Geo,ID,-1,-1;Color "Color" true true false 50 Text 0 0,First,#,C:\Users\gsg010\AppData\Local\Temp\ArcGISProTemp16120\b944dfaaa5b602b688e80ea383c8156f.sde\incamadrid.dbo.INCA013_SER_Geo,Color,0,50;Bateria_Linea "Batería_L" true true false 10 Text 0 0,First,#,C:\Users\gsg010\AppData\Local\Temp\ArcGISProTemp16120\b944dfaaa5b602b688e80ea383c8156f.sde\incamadrid.dbo.INCA013_SER_Geo,Bateria_Linea,0,10;Res_NumPlazas "Res_NumPla" true true false 4 Long 0 0,First,#,C:\Users\gsg010\AppData\Local\Temp\ArcGISProTemp16120\b944dfaaa5b602b688e80ea383c8156f.sde\incamadrid.dbo.INCA013_SER_Geo,Res_NumPlazas,-1,-1;Texto_Cajetines "Texto_Cajetines" true true false 255 Text 0 0,First,#,C:\Users\gsg010\AppData\Local\Temp\ArcGISProTemp16120\b944dfaaa5b602b688e80ea383c8156f.sde\incamadrid.dbo.INCA013_SER_Geo,Texto_Cajetines,0,500" # #</Process><Process ToolSource="c:\program files\arcgis\pro\Resources\ArcToolbox\toolboxes\Data Management Tools.tbx\Rename" Date="20230707" Time="135043">Rename "C:\Users\gsg010\AppData\Roaming\Esri\ArcGISPro\Favorites\PRO 10.8 SIG_GEOPORTAL.GEOPORTAL_OWNER (3).sde\SIG_GEOPORTAL.GEOPORTAL.SEÑALIZACION\SIG_GEOPORTAL.GEOPORTAL.SER_BANDA_APARCAMIENTO_2" "C:\Users\gsg010\AppData\Roaming\Esri\ArcGISPro\Favorites\PRO 10.8 SIG_GEOPORTAL.GEOPORTAL_OWNER (3).sde\SIG_GEOPORTAL.GEOPORTAL.SEÑALIZACION\SIG_GEOPORTAL.GEOPORTAL.SER_BANDA_APARCAMIENTO" FeatureClass</Process><Process ToolSource="c:\program files\arcgis\pro\Resources\ArcToolbox\toolboxes\Data Management Tools.tbx\DeleteRows" Date="20230707" Time="143025">DeleteRows "E:\Programas\ESRI\BBDD\PRO 10.8 SIG_GEOPORTAL.GEOPORTAL_OWNER.sde\SIG_GEOPORTAL.GEOPORTAL.SER_BANDA_APARCAMIENTO"</Process><Process ToolSource="c:\program files\arcgis\pro\Resources\ArcToolbox\toolboxes\Data Management Tools.tbx\Append" Date="20230707" Time="143141">Append E:\Programas\ESRI\BBDD\INCAMADRID_Zona_SER_READ.sde\incamadrid.dbo.INCA013_SER_Geo "E:\Programas\ESRI\BBDD\PRO 10.8 SIG_GEOPORTAL.GEOPORTAL_OWNER.sde\SIG_GEOPORTAL.GEOPORTAL.SER_BANDA_APARCAMIENTO" "Use the field map to reconcile field differences" "ID "ID" true true false 4 Long 0 10,First,#,incamadrid.dbo.INCA013_SER_Geo,ID,-1,-1;Color "Color" true true false 50 Text 0 0,First,#,S:\PROYECTOS\0161_MAPA_ZONA_SER\ArcGISProTemp5348\e0f59af8ebf1ab022beb8eb07ae526b7.sde\incamadrid.dbo.INCA013_SER_Geo,Color,0,50;Batería_L "Batería_L" true true false 10 Text 0 0,First,#,incamadrid.dbo.INCA013_SER_Geo,Bateria_Linea,0,10;Res_NumPla "Res_NumPla" true true false 4 Long 0 10,First,#,incamadrid.dbo.INCA013_SER_Geo,Res_NumPlazas,-1,-1" # #</Process><Process Name="Eliminar filas" ToolSource="c:\program files\arcgis\pro\Resources\ArcToolbox\toolboxes\Data Management Tools.tbx\DeleteRows" Date="20230710" Time="110114">DeleteRows SIG_GEOPORTAL.GEOPORTAL.SER_BANDA_APARCAMIENTO</Process><Process Name="Incorporar" ToolSource="c:\program files\arcgis\pro\Resources\ArcToolbox\toolboxes\Data Management Tools.tbx\Append" Date="20230710" Time="110229">Append incamadrid.dbo.INCA013_SER_Geo SIG_GEOPORTAL.GEOPORTAL.SER_BANDA_APARCAMIENTO "Utilizar el mapa de campo para conciliar las diferencias de campo" "ID "ID" true true false 4 Long 0 10,First,#,incamadrid.dbo.INCA013_SER_Geo,ID,-1,-1;Color "Color" true true false 50 Text 0 0,First,#,C:\Users\gsg010\AppData\Local\Temp\ArcGISProTemp20916\341ab4c4109a8679f71e633eef9c35d9.sde\incamadrid.dbo.INCA013_SER_Geo,Color,0,50;Bateria_Linea "Batería_L" true true false 10 Text 0 0,First,#,C:\Users\gsg010\AppData\Local\Temp\ArcGISProTemp20916\341ab4c4109a8679f71e633eef9c35d9.sde\incamadrid.dbo.INCA013_SER_Geo,Bateria_Linea,0,10;Res_NumPlazas "Res_NumPla" true true false 4 Long 0 10,First,#,C:\Users\gsg010\AppData\Local\Temp\ArcGISProTemp20916\341ab4c4109a8679f71e633eef9c35d9.sde\incamadrid.dbo.INCA013_SER_Geo,Res_NumPlazas,-1,-1;Texto_Cajetines "Texto_Cajetines" true true false 255 Text 0 0,First,#,C:\Users\gsg010\AppData\Local\Temp\ArcGISProTemp20916\341ab4c4109a8679f71e633eef9c35d9.sde\incamadrid.dbo.INCA013_SER_Geo,Texto_Cajetines,0,500" # "Color LIKE '%Gris%'"</Process><Process Name="Eliminar filas" ToolSource="c:\program files\arcgis\pro\Resources\ArcToolbox\toolboxes\Data Management Tools.tbx\DeleteRows" Date="20230710" Time="110619">DeleteRows SIG_GEOPORTAL.GEOPORTAL.SER_BANDA_APARCAMIENTO</Process><Process Name="Incorporar" ToolSource="c:\program files\arcgis\pro\Resources\ArcToolbox\toolboxes\Data Management Tools.tbx\Append" Date="20230710" Time="110714">Append incamadrid.dbo.INCA013_SER_Geo SIG_GEOPORTAL.GEOPORTAL.SER_BANDA_APARCAMIENTO "Utilizar el mapa de campo para conciliar las diferencias de campo" "ID "ID" true true false 4 Long 0 10,First,#,incamadrid.dbo.INCA013_SER_Geo,ID,-1,-1;Color "Color" true true false 50 Text 0 0,First,#,C:\Users\gsg010\AppData\Local\Temp\ArcGISProTemp20916\341ab4c4109a8679f71e633eef9c35d9.sde\incamadrid.dbo.INCA013_SER_Geo,Color,0,50;Bateria_Linea "Batería_L" true true false 10 Text 0 0,First,#,C:\Users\gsg010\AppData\Local\Temp\ArcGISProTemp20916\341ab4c4109a8679f71e633eef9c35d9.sde\incamadrid.dbo.INCA013_SER_Geo,Bateria_Linea,0,10;Res_NumPlazas "Res_NumPla" true true false 4 Long 0 10,First,#,C:\Users\gsg010\AppData\Local\Temp\ArcGISProTemp20916\341ab4c4109a8679f71e633eef9c35d9.sde\incamadrid.dbo.INCA013_SER_Geo,Res_NumPlazas,-1,-1;Texto_Cajetines "Texto_Cajetines" true true false 255 Text 0 0,First,#,C:\Users\gsg010\AppData\Local\Temp\ArcGISProTemp20916\341ab4c4109a8679f71e633eef9c35d9.sde\incamadrid.dbo.INCA013_SER_Geo,Texto_Cajetines,0,500" # "Color NOT LIKE '%Gris%'"</Process><Process Name="Eliminar filas" ToolSource="c:\program files\arcgis\pro\Resources\ArcToolbox\toolboxes\Data Management Tools.tbx\DeleteRows" Date="20230710" Time="111624">DeleteRows SIG_GEOPORTAL.GEOPORTAL.SER_BANDA_APARCAMIENTO</Process><Process Name="Incorporar" ToolSource="c:\program files\arcgis\pro\Resources\ArcToolbox\toolboxes\Data Management Tools.tbx\Append" Date="20230710" Time="111702">Append incamadrid.dbo.INCA013_SER_Geo SIG_GEOPORTAL.GEOPORTAL.SER_BANDA_APARCAMIENTO "Utilizar el mapa de campo para conciliar las diferencias de campo" "ID "ID" true true false 4 Long 0 10,First,#,incamadrid.dbo.INCA013_SER_Geo,ID,-1,-1;Color "Color" true true false 50 Text 0 0,First,#,C:\Users\gsg010\AppData\Local\Temp\ArcGISProTemp20916\341ab4c4109a8679f71e633eef9c35d9.sde\incamadrid.dbo.INCA013_SER_Geo,Color,0,50;Bateria_Linea "Batería_L" true true false 10 Text 0 0,First,#,C:\Users\gsg010\AppData\Local\Temp\ArcGISProTemp20916\341ab4c4109a8679f71e633eef9c35d9.sde\incamadrid.dbo.INCA013_SER_Geo,Bateria_Linea,0,10;Res_NumPlazas "Res_NumPla" true true false 4 Long 0 10,First,#,C:\Users\gsg010\AppData\Local\Temp\ArcGISProTemp20916\341ab4c4109a8679f71e633eef9c35d9.sde\incamadrid.dbo.INCA013_SER_Geo,Res_NumPlazas,-1,-1;Texto_Cajetines "Texto_Cajetines" true true false 255 Text 0 0,First,#,C:\Users\gsg010\AppData\Local\Temp\ArcGISProTemp20916\341ab4c4109a8679f71e633eef9c35d9.sde\incamadrid.dbo.INCA013_SER_Geo,Texto_Cajetines,0,500" # "Color NOT LIKE '%Gris%'"</Process><Process ToolSource="e:\programas\esri\arcmap10.8.1\desktop10.8\ArcToolbox\Toolboxes\Data Management Tools.tbx\DeleteRows" Date="20230710" Time="121156">DeleteRows "E:\Programas\ESRI\BBDD\PRO 10.8 SIG_GEOPORTAL.GEOPORTAL_OWNER.sde\SIG_GEOPORTAL.GEOPORTAL.SER_BANDA_APARCAMIENTO"</Process><Process ToolSource="e:\programas\esri\arcmap10.8.1\desktop10.8\ArcToolbox\Toolboxes\Data Management Tools.tbx\DeleteRows" Date="20230710" Time="121443">DeleteRows "E:\Programas\ESRI\BBDD\PRO 10.8 SIG_GEOPORTAL.GEOPORTAL_OWNER.sde\SIG_GEOPORTAL.GEOPORTAL.SER_BANDA_APARCAMIENTO"</Process><Process ToolSource="c:\program files\arcgis\pro\Resources\ArcToolbox\toolboxes\Data Management Tools.tbx\DeleteRows" Date="20230710" Time="121504">DeleteRows "E:\Programas\ESRI\BBDD\PRO 10.8 SIG_GEOPORTAL.GEOPORTAL_OWNER.sde\SIG_GEOPORTAL.GEOPORTAL.SER_BANDA_APARCAMIENTO"</Process><Process ToolSource="c:\program files\arcgis\pro\Resources\ArcToolbox\toolboxes\Data Management Tools.tbx\Append" Date="20230710" Time="121608">Append E:\Programas\ESRI\BBDD\INCAMADRID_Zona_SER_READ.sde\incamadrid.dbo.INCA013_SER_Geo "E:\Programas\ESRI\BBDD\PRO 10.8 SIG_GEOPORTAL.GEOPORTAL_OWNER.sde\SIG_GEOPORTAL.GEOPORTAL.SER_BANDA_APARCAMIENTO" "Use the field map to reconcile field differences" "ID "ID" true true false 4 Long 0 10,First,#,incamadrid.dbo.INCA013_SER_Geo,ID,-1,-1;Color "Color" true true false 50 Text 0 0,First,#,incamadrid.dbo.INCA013_SER_Geo,Color,0,50;Bateria_Linea "Batería_L" true true false 10 Text 0 0,First,#,incamadrid.dbo.INCA013_SER_Geo,Bateria_Linea,0,10;Res_NumPlazas "Res_NumPla" true true false 4 Long 0 10,First,#,incamadrid.dbo.INCA013_SER_Geo,Res_NumPlazas,-1,-1;Texto_Cajetines "Texto_Cajetines" true true false 255 Text 0 0,First,#,incamadrid.dbo.INCA013_SER_Geo,Texto_Cajetines,0,500" # "Color NOT LIKE '%Gris%'"</Process><Process ToolSource="c:\program files\arcgis\pro\Resources\ArcToolbox\toolboxes\Data Management Tools.tbx\DeleteRows" Date="20230710" Time="121914">DeleteRows "E:\Programas\ESRI\BBDD\PRO 10.8 SIG_GEOPORTAL.GEOPORTAL_OWNER.sde\SIG_GEOPORTAL.GEOPORTAL.SER_BANDA_APARCAMIENTO"</Process><Process ToolSource="c:\program files\arcgis\pro\Resources\ArcToolbox\toolboxes\Data Management Tools.tbx\Append" Date="20230710" Time="122016">Append E:\Programas\ESRI\BBDD\INCAMADRID_Zona_SER_READ.sde\incamadrid.dbo.INCA013_SER_Geo "E:\Programas\ESRI\BBDD\PRO 10.8 SIG_GEOPORTAL.GEOPORTAL_OWNER.sde\SIG_GEOPORTAL.GEOPORTAL.SER_BANDA_APARCAMIENTO" "Use the field map to reconcile field differences" "ID "ID" true true false 4 Long 0 10,First,#,incamadrid.dbo.INCA013_SER_Geo,ID,-1,-1;Color "Color" true true false 50 Text 0 0,First,#,incamadrid.dbo.INCA013_SER_Geo,Color,0,50;Bateria_Linea "Batería_L" true true false 10 Text 0 0,First,#,incamadrid.dbo.INCA013_SER_Geo,Bateria_Linea,0,10;Res_NumPlazas "Res_NumPla" true true false 4 Long 0 10,First,#,incamadrid.dbo.INCA013_SER_Geo,Res_NumPlazas,-1,-1;Texto_Cajetines "Texto_Cajetines" true true false 255 Text 0 0,First,#,incamadrid.dbo.INCA013_SER_Geo,Texto_Cajetines,0,500" # "Color NOT LIKE '%Gris%'"</Process><Process ToolSource="c:\program files\arcgis\pro\Resources\ArcToolbox\toolboxes\Data Management Tools.tbx\DeleteRows" Date="20230712" Time="143019">DeleteRows "E:\Programas\ESRI\BBDD\PRO 10.8 SIG_GEOPORTAL.GEOPORTAL_OWNER.sde\SIG_GEOPORTAL.GEOPORTAL.SER_BANDA_APARCAMIENTO"</Process><Process ToolSource="c:\program files\arcgis\pro\Resources\ArcToolbox\toolboxes\Data Management Tools.tbx\Append" Date="20230712" Time="143122">Append E:\Programas\ESRI\BBDD\INCAMADRID_Zona_SER_READ.sde\incamadrid.dbo.INCA013_SER_Geo "E:\Programas\ESRI\BBDD\PRO 10.8 SIG_GEOPORTAL.GEOPORTAL_OWNER.sde\SIG_GEOPORTAL.GEOPORTAL.SER_BANDA_APARCAMIENTO" "Use the field map to reconcile field differences" "ID "ID" true true false 4 Long 0 10,First,#,incamadrid.dbo.INCA013_SER_Geo,ID,-1,-1;Color "Color" true true false 50 Text 0 0,First,#,incamadrid.dbo.INCA013_SER_Geo,Color,0,50;Bateria_Linea "Batería_L" true true false 10 Text 0 0,First,#,incamadrid.dbo.INCA013_SER_Geo,Bateria_Linea,0,10;Res_NumPlazas "Res_NumPla" true true false 4 Long 0 10,First,#,incamadrid.dbo.INCA013_SER_Geo,Res_NumPlazas,-1,-1;Texto_Cajetines "Texto_Cajetines" true true false 255 Text 0 0,First,#,incamadrid.dbo.INCA013_SER_Geo,Texto_Cajetines,0,500" # "Color NOT LIKE '%Gris%'"</Process><Process ToolSource="c:\program files\arcgis\pro\Resources\ArcToolbox\toolboxes\Data Management Tools.tbx\DeleteRows" Date="20230714" Time="143015">DeleteRows "E:\Programas\ESRI\BBDD\PRO 10.8 SIG_GEOPORTAL.GEOPORTAL_OWNER.sde\SIG_GEOPORTAL.GEOPORTAL.SER_BANDA_APARCAMIENTO"</Process><Process ToolSource="c:\program files\arcgis\pro\Resources\ArcToolbox\toolboxes\Data Management Tools.tbx\Append" Date="20230714" Time="143114">Append E:\Programas\ESRI\BBDD\INCAMADRID_Zona_SER_READ.sde\incamadrid.dbo.INCA013_SER_Geo "E:\Programas\ESRI\BBDD\PRO 10.8 SIG_GEOPORTAL.GEOPORTAL_OWNER.sde\SIG_GEOPORTAL.GEOPORTAL.SER_BANDA_APARCAMIENTO" "Use the field map to reconcile field differences" "ID "ID" true true false 4 Long 0 10,First,#,incamadrid.dbo.INCA013_SER_Geo,ID,-1,-1;Color "Color" true true false 50 Text 0 0,First,#,incamadrid.dbo.INCA013_SER_Geo,Color,0,50;Bateria_Linea "Batería_L" true true false 10 Text 0 0,First,#,incamadrid.dbo.INCA013_SER_Geo,Bateria_Linea,0,10;Res_NumPlazas "Res_NumPla" true true false 4 Long 0 10,First,#,incamadrid.dbo.INCA013_SER_Geo,Res_NumPlazas,-1,-1;Texto_Cajetines "Texto_Cajetines" true true false 255 Text 0 0,First,#,incamadrid.dbo.INCA013_SER_Geo,Texto_Cajetines,0,500" # "Color NOT LIKE '%Gris%'"</Process><Process ToolSource="c:\program files\arcgis\pro\Resources\ArcToolbox\toolboxes\Data Management Tools.tbx\DeleteRows" Date="20230719" Time="143017">DeleteRows "E:\Programas\ESRI\BBDD\PRO 10.8 SIG_GEOPORTAL.GEOPORTAL_OWNER.sde\SIG_GEOPORTAL.GEOPORTAL.SER_BANDA_APARCAMIENTO"</Process><Process ToolSource="c:\program files\arcgis\pro\Resources\ArcToolbox\toolboxes\Data Management Tools.tbx\Append" Date="20230719" Time="143126">Append E:\Programas\ESRI\BBDD\INCAMADRID_Zona_SER_READ.sde\incamadrid.dbo.INCA013_SER_Geo "E:\Programas\ESRI\BBDD\PRO 10.8 SIG_GEOPORTAL.GEOPORTAL_OWNER.sde\SIG_GEOPORTAL.GEOPORTAL.SER_BANDA_APARCAMIENTO" "Use the field map to reconcile field differences" "ID "ID" true true false 4 Long 0 10,First,#,incamadrid.dbo.INCA013_SER_Geo,ID,-1,-1;Color "Color" true true false 50 Text 0 0,First,#,incamadrid.dbo.INCA013_SER_Geo,Color,0,50;Bateria_Linea "Batería_L" true true false 10 Text 0 0,First,#,incamadrid.dbo.INCA013_SER_Geo,Bateria_Linea,0,10;Res_NumPlazas "Res_NumPla" true true false 4 Long 0 10,First,#,incamadrid.dbo.INCA013_SER_Geo,Res_NumPlazas,-1,-1;Texto_Cajetines "Texto_Cajetines" true true false 255 Text 0 0,First,#,incamadrid.dbo.INCA013_SER_Geo,Texto_Cajetines,0,500" # "Color NOT LIKE '%Gris%'"</Process><Process ToolSource="c:\program files\arcgis\pro\Resources\ArcToolbox\toolboxes\Data Management Tools.tbx\DeleteRows" Date="20230721" Time="143021">DeleteRows "E:\Programas\ESRI\BBDD\PRO 10.8 SIG_GEOPORTAL.GEOPORTAL_OWNER.sde\SIG_GEOPORTAL.GEOPORTAL.SER_BANDA_APARCAMIENTO"</Process><Process ToolSource="c:\program files\arcgis\pro\Resources\ArcToolbox\toolboxes\Data Management Tools.tbx\Append" Date="20230721" Time="143118">Append E:\Programas\ESRI\BBDD\INCAMADRID_Zona_SER_READ.sde\incamadrid.dbo.INCA013_SER_Geo "E:\Programas\ESRI\BBDD\PRO 10.8 SIG_GEOPORTAL.GEOPORTAL_OWNER.sde\SIG_GEOPORTAL.GEOPORTAL.SER_BANDA_APARCAMIENTO" "Use the field map to reconcile field differences" "ID "ID" true true false 4 Long 0 10,First,#,incamadrid.dbo.INCA013_SER_Geo,ID,-1,-1;Color "Color" true true false 50 Text 0 0,First,#,incamadrid.dbo.INCA013_SER_Geo,Color,0,50;Bateria_Linea "Batería_L" true true false 10 Text 0 0,First,#,incamadrid.dbo.INCA013_SER_Geo,Bateria_Linea,0,10;Res_NumPlazas "Res_NumPla" true true false 4 Long 0 10,First,#,incamadrid.dbo.INCA013_SER_Geo,Res_NumPlazas,-1,-1;Texto_Cajetines "Texto_Cajetines" true true false 255 Text 0 0,First,#,incamadrid.dbo.INCA013_SER_Geo,Texto_Cajetines,0,500" # "Color NOT LIKE '%Gris%'"</Process><Process ToolSource="c:\program files\arcgis\pro\Resources\ArcToolbox\toolboxes\Data Management Tools.tbx\DeleteRows" Date="20230726" Time="143021">DeleteRows "E:\Programas\ESRI\BBDD\PRO 10.8 SIG_GEOPORTAL.GEOPORTAL_OWNER.sde\SIG_GEOPORTAL.GEOPORTAL.SER_BANDA_APARCAMIENTO"</Process><Process ToolSource="c:\program files\arcgis\pro\Resources\ArcToolbox\toolboxes\Data Management Tools.tbx\Append" Date="20230726" Time="143120">Append E:\Programas\ESRI\BBDD\INCAMADRID_Zona_SER_READ.sde\incamadrid.dbo.INCA013_SER_Geo "E:\Programas\ESRI\BBDD\PRO 10.8 SIG_GEOPORTAL.GEOPORTAL_OWNER.sde\SIG_GEOPORTAL.GEOPORTAL.SER_BANDA_APARCAMIENTO" "Use the field map to reconcile field differences" "ID "ID" true true false 4 Long 0 10,First,#,incamadrid.dbo.INCA013_SER_Geo,ID,-1,-1;Color "Color" true true false 50 Text 0 0,First,#,incamadrid.dbo.INCA013_SER_Geo,Color,0,50;Bateria_Linea "Batería_L" true true false 10 Text 0 0,First,#,incamadrid.dbo.INCA013_SER_Geo,Bateria_Linea,0,10;Res_NumPlazas "Res_NumPla" true true false 4 Long 0 10,First,#,incamadrid.dbo.INCA013_SER_Geo,Res_NumPlazas,-1,-1;Texto_Cajetines "Texto_Cajetines" true true false 255 Text 0 0,First,#,incamadrid.dbo.INCA013_SER_Geo,Texto_Cajetines,0,500" # "Color NOT LIKE '%Gris%'"</Process><Process ToolSource="c:\program files\arcgis\pro\Resources\ArcToolbox\toolboxes\Data Management Tools.tbx\DeleteRows" Date="20230728" Time="143022">DeleteRows "E:\Programas\ESRI\BBDD\PRO 10.8 SIG_GEOPORTAL.GEOPORTAL_OWNER.sde\SIG_GEOPORTAL.GEOPORTAL.SER_BANDA_APARCAMIENTO"</Process><Process ToolSource="c:\program files\arcgis\pro\Resources\ArcToolbox\toolboxes\Data Management Tools.tbx\Append" Date="20230728" Time="143120">Append E:\Programas\ESRI\BBDD\INCAMADRID_Zona_SER_READ.sde\incamadrid.dbo.INCA013_SER_Geo "E:\Programas\ESRI\BBDD\PRO 10.8 SIG_GEOPORTAL.GEOPORTAL_OWNER.sde\SIG_GEOPORTAL.GEOPORTAL.SER_BANDA_APARCAMIENTO" "Use the field map to reconcile field differences" "ID "ID" true true false 4 Long 0 10,First,#,incamadrid.dbo.INCA013_SER_Geo,ID,-1,-1;Color "Color" true true false 50 Text 0 0,First,#,incamadrid.dbo.INCA013_SER_Geo,Color,0,50;Bateria_Linea "Batería_L" true true false 10 Text 0 0,First,#,incamadrid.dbo.INCA013_SER_Geo,Bateria_Linea,0,10;Res_NumPlazas "Res_NumPla" true true false 4 Long 0 10,First,#,incamadrid.dbo.INCA013_SER_Geo,Res_NumPlazas,-1,-1;Texto_Cajetines "Texto_Cajetines" true true false 255 Text 0 0,First,#,incamadrid.dbo.INCA013_SER_Geo,Texto_Cajetines,0,500" # "Color NOT LIKE '%Gris%'"</Process><Process ToolSource="c:\program files\arcgis\pro\Resources\ArcToolbox\toolboxes\Data Management Tools.tbx\DeleteRows" Date="20230802" Time="143018">DeleteRows "E:\Programas\ESRI\BBDD\PRO 10.8 SIG_GEOPORTAL.GEOPORTAL_OWNER.sde\SIG_GEOPORTAL.GEOPORTAL.SER_BANDA_APARCAMIENTO"</Process><Process ToolSource="c:\program files\arcgis\pro\Resources\ArcToolbox\toolboxes\Data Management Tools.tbx\Append" Date="20230802" Time="143129">Append E:\Programas\ESRI\BBDD\INCAMADRID_Zona_SER_READ.sde\incamadrid.dbo.INCA013_SER_Geo "E:\Programas\ESRI\BBDD\PRO 10.8 SIG_GEOPORTAL.GEOPORTAL_OWNER.sde\SIG_GEOPORTAL.GEOPORTAL.SER_BANDA_APARCAMIENTO" "Use the field map to reconcile field differences" "ID "ID" true true false 4 Long 0 10,First,#,incamadrid.dbo.INCA013_SER_Geo,ID,-1,-1;Color "Color" true true false 50 Text 0 0,First,#,incamadrid.dbo.INCA013_SER_Geo,Color,0,50;Bateria_Linea "Batería_L" true true false 10 Text 0 0,First,#,incamadrid.dbo.INCA013_SER_Geo,Bateria_Linea,0,10;Res_NumPlazas "Res_NumPla" true true false 4 Long 0 10,First,#,incamadrid.dbo.INCA013_SER_Geo,Res_NumPlazas,-1,-1;Texto_Cajetines "Texto_Cajetines" true true false 255 Text 0 0,First,#,incamadrid.dbo.INCA013_SER_Geo,Texto_Cajetines,0,500" # "Color NOT LIKE '%Gris%'"</Process><Process ToolSource="c:\program files\arcgis\pro\Resources\ArcToolbox\toolboxes\Data Management Tools.tbx\DeleteRows" Date="20230804" Time="143017">DeleteRows "E:\Programas\ESRI\BBDD\PRO 10.8 SIG_GEOPORTAL.GEOPORTAL_OWNER.sde\SIG_GEOPORTAL.GEOPORTAL.SER_BANDA_APARCAMIENTO"</Process><Process ToolSource="c:\program files\arcgis\pro\Resources\ArcToolbox\toolboxes\Data Management Tools.tbx\Append" Date="20230804" Time="143120">Append E:\Programas\ESRI\BBDD\INCAMADRID_Zona_SER_READ.sde\incamadrid.dbo.INCA013_SER_Geo "E:\Programas\ESRI\BBDD\PRO 10.8 SIG_GEOPORTAL.GEOPORTAL_OWNER.sde\SIG_GEOPORTAL.GEOPORTAL.SER_BANDA_APARCAMIENTO" "Use the field map to reconcile field differences" "ID "ID" true true false 4 Long 0 10,First,#,incamadrid.dbo.INCA013_SER_Geo,ID,-1,-1;Color "Color" true true false 50 Text 0 0,First,#,incamadrid.dbo.INCA013_SER_Geo,Color,0,50;Bateria_Linea "Batería_L" true true false 10 Text 0 0,First,#,incamadrid.dbo.INCA013_SER_Geo,Bateria_Linea,0,10;Res_NumPlazas "Res_NumPla" true true false 4 Long 0 10,First,#,incamadrid.dbo.INCA013_SER_Geo,Res_NumPlazas,-1,-1;Texto_Cajetines "Texto_Cajetines" true true false 255 Text 0 0,First,#,incamadrid.dbo.INCA013_SER_Geo,Texto_Cajetines,0,500" # "Color NOT LIKE '%Gris%'"</Process><Process ToolSource="c:\program files\arcgis\pro\Resources\ArcToolbox\toolboxes\Data Management Tools.tbx\DeleteRows" Date="20230809" Time="143019">DeleteRows "E:\Programas\ESRI\BBDD\PRO 10.8 SIG_GEOPORTAL.GEOPORTAL_OWNER.sde\SIG_GEOPORTAL.GEOPORTAL.SER_BANDA_APARCAMIENTO"</Process><Process ToolSource="c:\program files\arcgis\pro\Resources\ArcToolbox\toolboxes\Data Management Tools.tbx\Append" Date="20230809" Time="143115">Append E:\Programas\ESRI\BBDD\INCAMADRID_Zona_SER_READ.sde\incamadrid.dbo.INCA013_SER_Geo "E:\Programas\ESRI\BBDD\PRO 10.8 SIG_GEOPORTAL.GEOPORTAL_OWNER.sde\SIG_GEOPORTAL.GEOPORTAL.SER_BANDA_APARCAMIENTO" "Use the field map to reconcile field differences" "ID "ID" true true false 4 Long 0 10,First,#,incamadrid.dbo.INCA013_SER_Geo,ID,-1,-1;Color "Color" true true false 50 Text 0 0,First,#,incamadrid.dbo.INCA013_SER_Geo,Color,0,50;Bateria_Linea "Batería_L" true true false 10 Text 0 0,First,#,incamadrid.dbo.INCA013_SER_Geo,Bateria_Linea,0,10;Res_NumPlazas "Res_NumPla" true true false 4 Long 0 10,First,#,incamadrid.dbo.INCA013_SER_Geo,Res_NumPlazas,-1,-1;Texto_Cajetines "Texto_Cajetines" true true false 255 Text 0 0,First,#,incamadrid.dbo.INCA013_SER_Geo,Texto_Cajetines,0,500" # "Color NOT LIKE '%Gris%'"</Process><Process ToolSource="c:\program files\arcgis\pro\Resources\ArcToolbox\toolboxes\Data Management Tools.tbx\DeleteRows" Date="20230811" Time="143017">DeleteRows "E:\Programas\ESRI\BBDD\PRO 10.8 SIG_GEOPORTAL.GEOPORTAL_OWNER.sde\SIG_GEOPORTAL.GEOPORTAL.SER_BANDA_APARCAMIENTO"</Process><Process ToolSource="c:\program files\arcgis\pro\Resources\ArcToolbox\toolboxes\Data Management Tools.tbx\Append" Date="20230811" Time="143131">Append E:\Programas\ESRI\BBDD\INCAMADRID_Zona_SER_READ.sde\incamadrid.dbo.INCA013_SER_Geo "E:\Programas\ESRI\BBDD\PRO 10.8 SIG_GEOPORTAL.GEOPORTAL_OWNER.sde\SIG_GEOPORTAL.GEOPORTAL.SER_BANDA_APARCAMIENTO" "Use the field map to reconcile field differences" "ID "ID" true true false 4 Long 0 10,First,#,incamadrid.dbo.INCA013_SER_Geo,ID,-1,-1;Color "Color" true true false 50 Text 0 0,First,#,incamadrid.dbo.INCA013_SER_Geo,Color,0,50;Bateria_Linea "Batería_L" true true false 10 Text 0 0,First,#,incamadrid.dbo.INCA013_SER_Geo,Bateria_Linea,0,10;Res_NumPlazas "Res_NumPla" true true false 4 Long 0 10,First,#,incamadrid.dbo.INCA013_SER_Geo,Res_NumPlazas,-1,-1;Texto_Cajetines "Texto_Cajetines" true true false 255 Text 0 0,First,#,incamadrid.dbo.INCA013_SER_Geo,Texto_Cajetines,0,500" # "Color NOT LIKE '%Gris%'"</Process><Process ToolSource="c:\program files\arcgis\pro\Resources\ArcToolbox\toolboxes\Data Management Tools.tbx\DeleteRows" Date="20230816" Time="143017">DeleteRows "E:\Programas\ESRI\BBDD\PRO 10.8 SIG_GEOPORTAL.GEOPORTAL_OWNER.sde\SIG_GEOPORTAL.GEOPORTAL.SER_BANDA_APARCAMIENTO"</Process><Process ToolSource="c:\program files\arcgis\pro\Resources\ArcToolbox\toolboxes\Data Management Tools.tbx\Append" Date="20230816" Time="143126">Append E:\Programas\ESRI\BBDD\INCAMADRID_Zona_SER_READ.sde\incamadrid.dbo.INCA013_SER_Geo "E:\Programas\ESRI\BBDD\PRO 10.8 SIG_GEOPORTAL.GEOPORTAL_OWNER.sde\SIG_GEOPORTAL.GEOPORTAL.SER_BANDA_APARCAMIENTO" "Use the field map to reconcile field differences" "ID "ID" true true false 4 Long 0 10,First,#,incamadrid.dbo.INCA013_SER_Geo,ID,-1,-1;Color "Color" true true false 50 Text 0 0,First,#,incamadrid.dbo.INCA013_SER_Geo,Color,0,50;Bateria_Linea "Batería_L" true true false 10 Text 0 0,First,#,incamadrid.dbo.INCA013_SER_Geo,Bateria_Linea,0,10;Res_NumPlazas "Res_NumPla" true true false 4 Long 0 10,First,#,incamadrid.dbo.INCA013_SER_Geo,Res_NumPlazas,-1,-1;Texto_Cajetines "Texto_Cajetines" true true false 255 Text 0 0,First,#,incamadrid.dbo.INCA013_SER_Geo,Texto_Cajetines,0,500" # "Color NOT LIKE '%Gris%'"</Process><Process ToolSource="c:\program files\arcgis\pro\Resources\ArcToolbox\toolboxes\Data Management Tools.tbx\DeleteRows" Date="20230818" Time="143017">DeleteRows "E:\Programas\ESRI\BBDD\PRO 10.8 SIG_GEOPORTAL.GEOPORTAL_OWNER.sde\SIG_GEOPORTAL.GEOPORTAL.SER_BANDA_APARCAMIENTO"</Process><Process ToolSource="c:\program files\arcgis\pro\Resources\ArcToolbox\toolboxes\Data Management Tools.tbx\Append" Date="20230818" Time="143112">Append E:\Programas\ESRI\BBDD\INCAMADRID_Zona_SER_READ.sde\incamadrid.dbo.INCA013_SER_Geo "E:\Programas\ESRI\BBDD\PRO 10.8 SIG_GEOPORTAL.GEOPORTAL_OWNER.sde\SIG_GEOPORTAL.GEOPORTAL.SER_BANDA_APARCAMIENTO" "Use the field map to reconcile field differences" "ID "ID" true true false 4 Long 0 10,First,#,incamadrid.dbo.INCA013_SER_Geo,ID,-1,-1;Color "Color" true true false 50 Text 0 0,First,#,incamadrid.dbo.INCA013_SER_Geo,Color,0,50;Bateria_Linea "Batería_L" true true false 10 Text 0 0,First,#,incamadrid.dbo.INCA013_SER_Geo,Bateria_Linea,0,10;Res_NumPlazas "Res_NumPla" true true false 4 Long 0 10,First,#,incamadrid.dbo.INCA013_SER_Geo,Res_NumPlazas,-1,-1;Texto_Cajetines "Texto_Cajetines" true true false 255 Text 0 0,First,#,incamadrid.dbo.INCA013_SER_Geo,Texto_Cajetines,0,500" # "Color NOT LIKE '%Gris%'"</Process><Process ToolSource="c:\program files\arcgis\pro\Resources\ArcToolbox\toolboxes\Data Management Tools.tbx\DeleteRows" Date="20230823" Time="143017">DeleteRows "E:\Programas\ESRI\BBDD\PRO 10.8 SIG_GEOPORTAL.GEOPORTAL_OWNER.sde\SIG_GEOPORTAL.GEOPORTAL.SER_BANDA_APARCAMIENTO"</Process><Process ToolSource="c:\program files\arcgis\pro\Resources\ArcToolbox\toolboxes\Data Management Tools.tbx\Append" Date="20230823" Time="143118">Append E:\Programas\ESRI\BBDD\INCAMADRID_Zona_SER_READ.sde\incamadrid.dbo.INCA013_SER_Geo "E:\Programas\ESRI\BBDD\PRO 10.8 SIG_GEOPORTAL.GEOPORTAL_OWNER.sde\SIG_GEOPORTAL.GEOPORTAL.SER_BANDA_APARCAMIENTO" "Use the field map to reconcile field differences" "ID "ID" true true false 4 Long 0 10,First,#,incamadrid.dbo.INCA013_SER_Geo,ID,-1,-1;Color "Color" true true false 50 Text 0 0,First,#,incamadrid.dbo.INCA013_SER_Geo,Color,0,50;Bateria_Linea "Batería_L" true true false 10 Text 0 0,First,#,incamadrid.dbo.INCA013_SER_Geo,Bateria_Linea,0,10;Res_NumPlazas "Res_NumPla" true true false 4 Long 0 10,First,#,incamadrid.dbo.INCA013_SER_Geo,Res_NumPlazas,-1,-1;Texto_Cajetines "Texto_Cajetines" true true false 255 Text 0 0,First,#,incamadrid.dbo.INCA013_SER_Geo,Texto_Cajetines,0,500" # "Color NOT LIKE '%Gris%'"</Process><Process ToolSource="c:\program files\arcgis\pro\Resources\ArcToolbox\toolboxes\Data Management Tools.tbx\DeleteRows" Date="20230825" Time="143017">DeleteRows "E:\Programas\ESRI\BBDD\PRO 10.8 SIG_GEOPORTAL.GEOPORTAL_OWNER.sde\SIG_GEOPORTAL.GEOPORTAL.SER_BANDA_APARCAMIENTO"</Process><Process ToolSource="c:\program files\arcgis\pro\Resources\ArcToolbox\toolboxes\Data Management Tools.tbx\Append" Date="20230825" Time="143114">Append E:\Programas\ESRI\BBDD\INCAMADRID_Zona_SER_READ.sde\incamadrid.dbo.INCA013_SER_Geo "E:\Programas\ESRI\BBDD\PRO 10.8 SIG_GEOPORTAL.GEOPORTAL_OWNER.sde\SIG_GEOPORTAL.GEOPORTAL.SER_BANDA_APARCAMIENTO" "Use the field map to reconcile field differences" "ID "ID" true true false 4 Long 0 10,First,#,incamadrid.dbo.INCA013_SER_Geo,ID,-1,-1;Color "Color" true true false 50 Text 0 0,First,#,incamadrid.dbo.INCA013_SER_Geo,Color,0,50;Bateria_Linea "Batería_L" true true false 10 Text 0 0,First,#,incamadrid.dbo.INCA013_SER_Geo,Bateria_Linea,0,10;Res_NumPlazas "Res_NumPla" true true false 4 Long 0 10,First,#,incamadrid.dbo.INCA013_SER_Geo,Res_NumPlazas,-1,-1;Texto_Cajetines "Texto_Cajetines" true true false 255 Text 0 0,First,#,incamadrid.dbo.INCA013_SER_Geo,Texto_Cajetines,0,500" # "Color NOT LIKE '%Gris%'"</Process><Process ToolSource="c:\program files\arcgis\pro\Resources\ArcToolbox\toolboxes\Data Management Tools.tbx\DeleteRows" Date="20230830" Time="143017">DeleteRows "E:\Programas\ESRI\BBDD\PRO 10.8 SIG_GEOPORTAL.GEOPORTAL_OWNER.sde\SIG_GEOPORTAL.GEOPORTAL.SER_BANDA_APARCAMIENTO"</Process><Process ToolSource="c:\program files\arcgis\pro\Resources\ArcToolbox\toolboxes\Data Management Tools.tbx\Append" Date="20230830" Time="143117">Append E:\Programas\ESRI\BBDD\INCAMADRID_Zona_SER_READ.sde\incamadrid.dbo.INCA013_SER_Geo "E:\Programas\ESRI\BBDD\PRO 10.8 SIG_GEOPORTAL.GEOPORTAL_OWNER.sde\SIG_GEOPORTAL.GEOPORTAL.SER_BANDA_APARCAMIENTO" "Use the field map to reconcile field differences" "ID "ID" true true false 4 Long 0 10,First,#,incamadrid.dbo.INCA013_SER_Geo,ID,-1,-1;Color "Color" true true false 50 Text 0 0,First,#,incamadrid.dbo.INCA013_SER_Geo,Color,0,50;Bateria_Linea "Batería_L" true true false 10 Text 0 0,First,#,incamadrid.dbo.INCA013_SER_Geo,Bateria_Linea,0,10;Res_NumPlazas "Res_NumPla" true true false 4 Long 0 10,First,#,incamadrid.dbo.INCA013_SER_Geo,Res_NumPlazas,-1,-1;Texto_Cajetines "Texto_Cajetines" true true false 255 Text 0 0,First,#,incamadrid.dbo.INCA013_SER_Geo,Texto_Cajetines,0,500" # "Color NOT LIKE '%Gris%'"</Process><Process ToolSource="c:\program files\arcgis\pro\Resources\ArcToolbox\toolboxes\Data Management Tools.tbx\DeleteRows" Date="20230901" Time="143019">DeleteRows "E:\Programas\ESRI\BBDD\PRO 10.8 SIG_GEOPORTAL.GEOPORTAL_OWNER.sde\SIG_GEOPORTAL.GEOPORTAL.SER_BANDA_APARCAMIENTO"</Process><Process ToolSource="c:\program files\arcgis\pro\Resources\ArcToolbox\toolboxes\Data Management Tools.tbx\Append" Date="20230901" Time="143115">Append E:\Programas\ESRI\BBDD\INCAMADRID_Zona_SER_READ.sde\incamadrid.dbo.INCA013_SER_Geo "E:\Programas\ESRI\BBDD\PRO 10.8 SIG_GEOPORTAL.GEOPORTAL_OWNER.sde\SIG_GEOPORTAL.GEOPORTAL.SER_BANDA_APARCAMIENTO" "Use the field map to reconcile field differences" "ID "ID" true true false 4 Long 0 10,First,#,incamadrid.dbo.INCA013_SER_Geo,ID,-1,-1;Color "Color" true true false 50 Text 0 0,First,#,incamadrid.dbo.INCA013_SER_Geo,Color,0,50;Bateria_Linea "Batería_L" true true false 10 Text 0 0,First,#,incamadrid.dbo.INCA013_SER_Geo,Bateria_Linea,0,10;Res_NumPlazas "Res_NumPla" true true false 4 Long 0 10,First,#,incamadrid.dbo.INCA013_SER_Geo,Res_NumPlazas,-1,-1;Texto_Cajetines "Texto_Cajetines" true true false 255 Text 0 0,First,#,incamadrid.dbo.INCA013_SER_Geo,Texto_Cajetines,0,500" # "Color NOT LIKE '%Gris%'"</Process><Process ToolSource="c:\program files\arcgis\pro\Resources\ArcToolbox\toolboxes\Data Management Tools.tbx\DeleteRows" Date="20230906" Time="143019">DeleteRows "E:\Programas\ESRI\BBDD\PRO 10.8 SIG_GEOPORTAL.GEOPORTAL_OWNER.sde\SIG_GEOPORTAL.GEOPORTAL.SER_BANDA_APARCAMIENTO"</Process><Process ToolSource="c:\program files\arcgis\pro\Resources\ArcToolbox\toolboxes\Data Management Tools.tbx\Append" Date="20230906" Time="143118">Append E:\Programas\ESRI\BBDD\INCAMADRID_Zona_SER_READ.sde\incamadrid.dbo.INCA013_SER_Geo "E:\Programas\ESRI\BBDD\PRO 10.8 SIG_GEOPORTAL.GEOPORTAL_OWNER.sde\SIG_GEOPORTAL.GEOPORTAL.SER_BANDA_APARCAMIENTO" "Use the field map to reconcile field differences" "ID "ID" true true false 4 Long 0 10,First,#,incamadrid.dbo.INCA013_SER_Geo,ID,-1,-1;Color "Color" true true false 50 Text 0 0,First,#,incamadrid.dbo.INCA013_SER_Geo,Color,0,50;Bateria_Linea "Batería_L" true true false 10 Text 0 0,First,#,incamadrid.dbo.INCA013_SER_Geo,Bateria_Linea,0,10;Res_NumPlazas "Res_NumPla" true true false 4 Long 0 10,First,#,incamadrid.dbo.INCA013_SER_Geo,Res_NumPlazas,-1,-1;Texto_Cajetines "Texto_Cajetines" true true false 255 Text 0 0,First,#,incamadrid.dbo.INCA013_SER_Geo,Texto_Cajetines,0,500" # "Color NOT LIKE '%Gris%'"</Process><Process ToolSource="c:\program files\arcgis\pro\Resources\ArcToolbox\toolboxes\Data Management Tools.tbx\DeleteRows" Date="20230908" Time="143018">DeleteRows "E:\Programas\ESRI\BBDD\PRO 10.8 SIG_GEOPORTAL.GEOPORTAL_OWNER.sde\SIG_GEOPORTAL.GEOPORTAL.SER_BANDA_APARCAMIENTO"</Process><Process ToolSource="c:\program files\arcgis\pro\Resources\ArcToolbox\toolboxes\Data Management Tools.tbx\Append" Date="20230908" Time="143117">Append E:\Programas\ESRI\BBDD\INCAMADRID_Zona_SER_READ.sde\incamadrid.dbo.INCA013_SER_Geo "E:\Programas\ESRI\BBDD\PRO 10.8 SIG_GEOPORTAL.GEOPORTAL_OWNER.sde\SIG_GEOPORTAL.GEOPORTAL.SER_BANDA_APARCAMIENTO" "Use the field map to reconcile field differences" "ID "ID" true true false 4 Long 0 10,First,#,incamadrid.dbo.INCA013_SER_Geo,ID,-1,-1;Color "Color" true true false 50 Text 0 0,First,#,incamadrid.dbo.INCA013_SER_Geo,Color,0,50;Bateria_Linea "Batería_L" true true false 10 Text 0 0,First,#,incamadrid.dbo.INCA013_SER_Geo,Bateria_Linea,0,10;Res_NumPlazas "Res_NumPla" true true false 4 Long 0 10,First,#,incamadrid.dbo.INCA013_SER_Geo,Res_NumPlazas,-1,-1;Texto_Cajetines "Texto_Cajetines" true true false 255 Text 0 0,First,#,incamadrid.dbo.INCA013_SER_Geo,Texto_Cajetines,0,500" # "Color NOT LIKE '%Gris%'"</Process><Process ToolSource="c:\program files\arcgis\pro\Resources\ArcToolbox\toolboxes\Data Management Tools.tbx\DeleteRows" Date="20230913" Time="143020">DeleteRows "E:\Programas\ESRI\BBDD\PRO 10.8 SIG_GEOPORTAL.GEOPORTAL_OWNER.sde\SIG_GEOPORTAL.GEOPORTAL.SER_BANDA_APARCAMIENTO"</Process><Process ToolSource="c:\program files\arcgis\pro\Resources\ArcToolbox\toolboxes\Data Management Tools.tbx\Append" Date="20230913" Time="143120">Append E:\Programas\ESRI\BBDD\INCAMADRID_Zona_SER_READ.sde\incamadrid.dbo.INCA013_SER_Geo "E:\Programas\ESRI\BBDD\PRO 10.8 SIG_GEOPORTAL.GEOPORTAL_OWNER.sde\SIG_GEOPORTAL.GEOPORTAL.SER_BANDA_APARCAMIENTO" "Use the field map to reconcile field differences" "ID "ID" true true false 4 Long 0 10,First,#,incamadrid.dbo.INCA013_SER_Geo,ID,-1,-1;Color "Color" true true false 50 Text 0 0,First,#,incamadrid.dbo.INCA013_SER_Geo,Color,0,50;Bateria_Linea "Batería_L" true true false 10 Text 0 0,First,#,incamadrid.dbo.INCA013_SER_Geo,Bateria_Linea,0,10;Res_NumPlazas "Res_NumPla" true true false 4 Long 0 10,First,#,incamadrid.dbo.INCA013_SER_Geo,Res_NumPlazas,-1,-1;Texto_Cajetines "Texto_Cajetines" true true false 255 Text 0 0,First,#,incamadrid.dbo.INCA013_SER_Geo,Texto_Cajetines,0,500" # "Color NOT LIKE '%Gris%'"</Process><Process ToolSource="c:\program files\arcgis\pro\Resources\ArcToolbox\toolboxes\Data Management Tools.tbx\DeleteRows" Date="20230915" Time="143021">DeleteRows "E:\Programas\ESRI\BBDD\PRO 10.8 SIG_GEOPORTAL.GEOPORTAL_OWNER.sde\SIG_GEOPORTAL.GEOPORTAL.SER_BANDA_APARCAMIENTO"</Process><Process ToolSource="c:\program files\arcgis\pro\Resources\ArcToolbox\toolboxes\Data Management Tools.tbx\Append" Date="20230915" Time="143122">Append E:\Programas\ESRI\BBDD\INCAMADRID_Zona_SER_READ.sde\incamadrid.dbo.INCA013_SER_Geo "E:\Programas\ESRI\BBDD\PRO 10.8 SIG_GEOPORTAL.GEOPORTAL_OWNER.sde\SIG_GEOPORTAL.GEOPORTAL.SER_BANDA_APARCAMIENTO" "Use the field map to reconcile field differences" "ID "ID" true true false 4 Long 0 10,First,#,incamadrid.dbo.INCA013_SER_Geo,ID,-1,-1;Color "Color" true true false 50 Text 0 0,First,#,incamadrid.dbo.INCA013_SER_Geo,Color,0,50;Bateria_Linea "Batería_L" true true false 10 Text 0 0,First,#,incamadrid.dbo.INCA013_SER_Geo,Bateria_Linea,0,10;Res_NumPlazas "Res_NumPla" true true false 4 Long 0 10,First,#,incamadrid.dbo.INCA013_SER_Geo,Res_NumPlazas,-1,-1;Texto_Cajetines "Texto_Cajetines" true true false 255 Text 0 0,First,#,incamadrid.dbo.INCA013_SER_Geo,Texto_Cajetines,0,500" # "Color NOT LIKE '%Gris%'"</Process><Process ToolSource="c:\program files\arcgis\pro\Resources\ArcToolbox\toolboxes\Data Management Tools.tbx\DeleteRows" Date="20230920" Time="143018">DeleteRows "E:\Programas\ESRI\BBDD\PRO 10.8 SIG_GEOPORTAL.GEOPORTAL_OWNER.sde\SIG_GEOPORTAL.GEOPORTAL.SER_BANDA_APARCAMIENTO"</Process><Process ToolSource="c:\program files\arcgis\pro\Resources\ArcToolbox\toolboxes\Data Management Tools.tbx\Append" Date="20230920" Time="143123">Append E:\Programas\ESRI\BBDD\INCAMADRID_Zona_SER_READ.sde\incamadrid.dbo.INCA013_SER_Geo "E:\Programas\ESRI\BBDD\PRO 10.8 SIG_GEOPORTAL.GEOPORTAL_OWNER.sde\SIG_GEOPORTAL.GEOPORTAL.SER_BANDA_APARCAMIENTO" "Use the field map to reconcile field differences" "ID "ID" true true false 4 Long 0 10,First,#,incamadrid.dbo.INCA013_SER_Geo,ID,-1,-1;Color "Color" true true false 50 Text 0 0,First,#,incamadrid.dbo.INCA013_SER_Geo,Color,0,50;Bateria_Linea "Batería_L" true true false 10 Text 0 0,First,#,incamadrid.dbo.INCA013_SER_Geo,Bateria_Linea,0,10;Res_NumPlazas "Res_NumPla" true true false 4 Long 0 10,First,#,incamadrid.dbo.INCA013_SER_Geo,Res_NumPlazas,-1,-1;Texto_Cajetines "Texto_Cajetines" true true false 255 Text 0 0,First,#,incamadrid.dbo.INCA013_SER_Geo,Texto_Cajetines,0,500" # "Color NOT LIKE '%Gris%'"</Process><Process ToolSource="c:\program files\arcgis\pro\Resources\ArcToolbox\toolboxes\Data Management Tools.tbx\DeleteRows" Date="20230922" Time="143024">DeleteRows "E:\Programas\ESRI\BBDD\PRO 10.8 SIG_GEOPORTAL.GEOPORTAL_OWNER.sde\SIG_GEOPORTAL.GEOPORTAL.SER_BANDA_APARCAMIENTO"</Process><Process ToolSource="c:\program files\arcgis\pro\Resources\ArcToolbox\toolboxes\Data Management Tools.tbx\Append" Date="20230922" Time="143122">Append E:\Programas\ESRI\BBDD\INCAMADRID_Zona_SER_READ.sde\incamadrid.dbo.INCA013_SER_Geo "E:\Programas\ESRI\BBDD\PRO 10.8 SIG_GEOPORTAL.GEOPORTAL_OWNER.sde\SIG_GEOPORTAL.GEOPORTAL.SER_BANDA_APARCAMIENTO" "Use the field map to reconcile field differences" "ID "ID" true true false 4 Long 0 10,First,#,incamadrid.dbo.INCA013_SER_Geo,ID,-1,-1;Color "Color" true true false 50 Text 0 0,First,#,incamadrid.dbo.INCA013_SER_Geo,Color,0,50;Bateria_Linea "Batería_L" true true false 10 Text 0 0,First,#,incamadrid.dbo.INCA013_SER_Geo,Bateria_Linea,0,10;Res_NumPlazas "Res_NumPla" true true false 4 Long 0 10,First,#,incamadrid.dbo.INCA013_SER_Geo,Res_NumPlazas,-1,-1;Texto_Cajetines "Texto_Cajetines" true true false 255 Text 0 0,First,#,incamadrid.dbo.INCA013_SER_Geo,Texto_Cajetines,0,500" # "Color NOT LIKE '%Gris%'"</Process><Process ToolSource="c:\program files\arcgis\pro\Resources\ArcToolbox\toolboxes\Data Management Tools.tbx\DeleteRows" Date="20230927" Time="143021">DeleteRows "E:\Programas\ESRI\BBDD\PRO 10.8 SIG_GEOPORTAL.GEOPORTAL_OWNER.sde\SIG_GEOPORTAL.GEOPORTAL.SER_BANDA_APARCAMIENTO"</Process><Process ToolSource="c:\program files\arcgis\pro\Resources\ArcToolbox\toolboxes\Data Management Tools.tbx\Append" Date="20230927" Time="143117">Append E:\Programas\ESRI\BBDD\INCAMADRID_Zona_SER_READ.sde\incamadrid.dbo.INCA013_SER_Geo "E:\Programas\ESRI\BBDD\PRO 10.8 SIG_GEOPORTAL.GEOPORTAL_OWNER.sde\SIG_GEOPORTAL.GEOPORTAL.SER_BANDA_APARCAMIENTO" "Use the field map to reconcile field differences" "ID "ID" true true false 4 Long 0 10,First,#,incamadrid.dbo.INCA013_SER_Geo,ID,-1,-1;Color "Color" true true false 50 Text 0 0,First,#,incamadrid.dbo.INCA013_SER_Geo,Color,0,50;Bateria_Linea "Batería_L" true true false 10 Text 0 0,First,#,incamadrid.dbo.INCA013_SER_Geo,Bateria_Linea,0,10;Res_NumPlazas "Res_NumPla" true true false 4 Long 0 10,First,#,incamadrid.dbo.INCA013_SER_Geo,Res_NumPlazas,-1,-1;Texto_Cajetines "Texto_Cajetines" true true false 255 Text 0 0,First,#,incamadrid.dbo.INCA013_SER_Geo,Texto_Cajetines,0,500" # "Color NOT LIKE '%Gris%'"</Process><Process ToolSource="c:\program files\arcgis\pro\Resources\ArcToolbox\toolboxes\Data Management Tools.tbx\DeleteRows" Date="20230929" Time="143022">DeleteRows "E:\Programas\ESRI\BBDD\PRO 10.8 SIG_GEOPORTAL.GEOPORTAL_OWNER.sde\SIG_GEOPORTAL.GEOPORTAL.SER_BANDA_APARCAMIENTO"</Process><Process ToolSource="c:\program files\arcgis\pro\Resources\ArcToolbox\toolboxes\Data Management Tools.tbx\Append" Date="20230929" Time="143127">Append E:\Programas\ESRI\BBDD\INCAMADRID_Zona_SER_READ.sde\incamadrid.dbo.INCA013_SER_Geo "E:\Programas\ESRI\BBDD\PRO 10.8 SIG_GEOPORTAL.GEOPORTAL_OWNER.sde\SIG_GEOPORTAL.GEOPORTAL.SER_BANDA_APARCAMIENTO" "Use the field map to reconcile field differences" "ID "ID" true true false 4 Long 0 10,First,#,incamadrid.dbo.INCA013_SER_Geo,ID,-1,-1;Color "Color" true true false 50 Text 0 0,First,#,incamadrid.dbo.INCA013_SER_Geo,Color,0,50;Bateria_Linea "Batería_L" true true false 10 Text 0 0,First,#,incamadrid.dbo.INCA013_SER_Geo,Bateria_Linea,0,10;Res_NumPlazas "Res_NumPla" true true false 4 Long 0 10,First,#,incamadrid.dbo.INCA013_SER_Geo,Res_NumPlazas,-1,-1;Texto_Cajetines "Texto_Cajetines" true true false 255 Text 0 0,First,#,incamadrid.dbo.INCA013_SER_Geo,Texto_Cajetines,0,500" # "Color NOT LIKE '%Gris%'"</Process><Process ToolSource="c:\program files\arcgis\pro\Resources\ArcToolbox\toolboxes\Data Management Tools.tbx\DeleteRows" Date="20231002" Time="142338">DeleteRows "E:\Programas\ESRI\BBDD\PRO 10.8 SIG_GEOPORTAL.GEOPORTAL_OWNER.sde\SIG_GEOPORTAL.GEOPORTAL.SER_BANDA_APARCAMIENTO"</Process><Process ToolSource="c:\program files\arcgis\pro\Resources\ArcToolbox\toolboxes\Data Management Tools.tbx\Append" Date="20231002" Time="142440">Append E:\Programas\ESRI\BBDD\INCAMADRID_Zona_SER_READ.sde\incamadrid.dbo.INCA013_SER_Geo "E:\Programas\ESRI\BBDD\PRO 10.8 SIG_GEOPORTAL.GEOPORTAL_OWNER.sde\SIG_GEOPORTAL.GEOPORTAL.SER_BANDA_APARCAMIENTO" "Use the field map to reconcile field differences" "ID "ID" true true false 4 Long 0 10,First,#,incamadrid.dbo.INCA013_SER_Geo,ID,-1,-1;Color "Color" true true false 50 Text 0 0,First,#,incamadrid.dbo.INCA013_SER_Geo,Color,0,50;Bateria_Linea "Batería_L" true true false 10 Text 0 0,First,#,incamadrid.dbo.INCA013_SER_Geo,Bateria_Linea,0,10;Res_NumPlazas "Res_NumPla" true true false 4 Long 0 10,First,#,incamadrid.dbo.INCA013_SER_Geo,Res_NumPlazas,-1,-1;Texto_Cajetines "Texto_Cajetines" true true false 255 Text 0 0,First,#,incamadrid.dbo.INCA013_SER_Geo,Texto_Cajetines,0,500" # "Color NOT LIKE '%Gris%'"</Process><Process ToolSource="e:\programas\esri\arcmap10.8.1\desktop10.8\ArcToolbox\Toolboxes\Data Management Tools.tbx\DeleteRows" Date="20231002" Time="143928">DeleteRows "E:\Programas\ESRI\BBDD\PRO 10.8 SIG_GEOPORTAL.GEOPORTAL_OWNER.sde\SIG_GEOPORTAL.GEOPORTAL.SER_BANDA_APARCAMIENTO"</Process><Process ToolSource="e:\programas\esri\arcmap10.8.1\desktop10.8\ArcToolbox\Toolboxes\Data Management Tools.tbx\DeleteRows" Date="20231002" Time="143947">DeleteRows "E:\Programas\ESRI\BBDD\PRO 10.8 SIG_GEOPORTAL.GEOPORTAL_OWNER.sde\SIG_GEOPORTAL.GEOPORTAL.SER_BANDA_APARCAMIENTO"</Process><Process ToolSource="e:\programas\esri\arcmap10.8.1\desktop10.8\ArcToolbox\Toolboxes\Data Management Tools.tbx\DeleteRows" Date="20231002" Time="144021">DeleteRows "E:\Programas\ESRI\BBDD\PRO 10.8 SIG_GEOPORTAL.GEOPORTAL_OWNER.sde\SIG_GEOPORTAL.GEOPORTAL.SER_BANDA_APARCAMIENTO"</Process><Process ToolSource="e:\programas\esri\arcmap10.8.1\desktop10.8\ArcToolbox\Toolboxes\Data Management Tools.tbx\DeleteRows" Date="20231002" Time="144758">DeleteRows "E:\Programas\ESRI\BBDD\PRO 10.8 SIG_GEOPORTAL.GEOPORTAL_OWNER.sde\SIG_GEOPORTAL.GEOPORTAL.SER_BANDA_APARCAMIENTO"</Process><Process ToolSource="e:\programas\esri\arcmap10.8.1\desktop10.8\ArcToolbox\Toolboxes\Data Management Tools.tbx\DeleteRows" Date="20231002" Time="154836">DeleteRows "E:\Programas\ESRI\BBDD\PRO 10.8 SIG_GEOPORTAL.GEOPORTAL_OWNER.sde\SIG_GEOPORTAL.GEOPORTAL.SER_BANDA_APARCAMIENTO"</Process><Process ToolSource="c:\program files\arcgis\pro\Resources\ArcToolbox\toolboxes\Data Management Tools.tbx\Append" Date="20231002" Time="160035">Append incamadrid.dbo.INCA013_SER_Geo SIG_GEOPORTAL.GEOPORTAL.SER_BANDA_APARCAMIENTO "Utilizar el mapa de campo para conciliar las diferencias de campo" "ID "ID" true true false 4 Long 0 10,First,#,incamadrid.dbo.INCA013_SER_Geo,ID,-1,-1;Color "Color" true true false 50 Text 0 0,First,#,C:\Users\gsg010\AppData\Local\Temp\ArcGISProTemp14548\3022c0d4291cfc05328c6c497739f8e9.sde\incamadrid.dbo.INCA013_SER_Geo,Color,0,50;Bateria_Linea "Batería_L" true true false 10 Text 0 0,First,#,C:\Users\gsg010\AppData\Local\Temp\ArcGISProTemp14548\3022c0d4291cfc05328c6c497739f8e9.sde\incamadrid.dbo.INCA013_SER_Geo,Bateria_Linea,0,10;Res_NumPlazas "Res_NumPla" true true false 4 Long 0 10,First,#,C:\Users\gsg010\AppData\Local\Temp\ArcGISProTemp14548\3022c0d4291cfc05328c6c497739f8e9.sde\incamadrid.dbo.INCA013_SER_Geo,Res_NumPlazas,-1,-1;Texto_Cajetines "Texto_Cajetines" true true false 255 Text 0 0,First,#,C:\Users\gsg010\AppData\Local\Temp\ArcGISProTemp14548\3022c0d4291cfc05328c6c497739f8e9.sde\incamadrid.dbo.INCA013_SER_Geo,Texto_Cajetines,0,500" # #</Process><Process ToolSource="c:\program files\arcgis\pro\Resources\ArcToolbox\toolboxes\Data Management Tools.tbx\DeleteRows" Date="20231004" Time="143023">DeleteRows "E:\Programas\ESRI\BBDD\PRO 10.8 SIG_GEOPORTAL.GEOPORTAL_OWNER.sde\SIG_GEOPORTAL.GEOPORTAL.SER_BANDA_APARCAMIENTO"</Process><Process ToolSource="c:\program files\arcgis\pro\Resources\ArcToolbox\toolboxes\Data Management Tools.tbx\Append" Date="20231004" Time="143130">Append E:\Programas\ESRI\BBDD\INCAMADRID_Zona_SER_READ.sde\incamadrid.dbo.INCA013_SER_Geo "E:\Programas\ESRI\BBDD\PRO 10.8 SIG_GEOPORTAL.GEOPORTAL_OWNER.sde\SIG_GEOPORTAL.GEOPORTAL.SER_BANDA_APARCAMIENTO" "Use the field map to reconcile field differences" "ID "ID" true true false 4 Long 0 10,First,#,incamadrid.dbo.INCA013_SER_Geo,ID,-1,-1;Color "Color" true true false 50 Text 0 0,First,#,incamadrid.dbo.INCA013_SER_Geo,Color,0,50;Bateria_Linea "Batería_L" true true false 10 Text 0 0,First,#,incamadrid.dbo.INCA013_SER_Geo,Bateria_Linea,0,10;Res_NumPlazas "Res_NumPla" true true false 4 Long 0 10,First,#,incamadrid.dbo.INCA013_SER_Geo,Res_NumPlazas,-1,-1;Texto_Cajetines "Texto_Cajetines" true true false 255 Text 0 0,First,#,incamadrid.dbo.INCA013_SER_Geo,Texto_Cajetines,0,500" # "Color NOT LIKE '%Gris%'"</Process><Process ToolSource="c:\program files\arcgis\pro\Resources\ArcToolbox\toolboxes\Data Management Tools.tbx\DeleteRows" Date="20231006" Time="143021">DeleteRows "E:\Programas\ESRI\BBDD\PRO 10.8 SIG_GEOPORTAL.GEOPORTAL_OWNER.sde\SIG_GEOPORTAL.GEOPORTAL.SER_BANDA_APARCAMIENTO"</Process><Process ToolSource="c:\program files\arcgis\pro\Resources\ArcToolbox\toolboxes\Data Management Tools.tbx\Append" Date="20231006" Time="143118">Append E:\Programas\ESRI\BBDD\INCAMADRID_Zona_SER_READ.sde\incamadrid.dbo.INCA013_SER_Geo "E:\Programas\ESRI\BBDD\PRO 10.8 SIG_GEOPORTAL.GEOPORTAL_OWNER.sde\SIG_GEOPORTAL.GEOPORTAL.SER_BANDA_APARCAMIENTO" "Use the field map to reconcile field differences" "ID "ID" true true false 4 Long 0 10,First,#,incamadrid.dbo.INCA013_SER_Geo,ID,-1,-1;Color "Color" true true false 50 Text 0 0,First,#,incamadrid.dbo.INCA013_SER_Geo,Color,0,50;Bateria_Linea "Batería_L" true true false 10 Text 0 0,First,#,incamadrid.dbo.INCA013_SER_Geo,Bateria_Linea,0,10;Res_NumPlazas "Res_NumPla" true true false 4 Long 0 10,First,#,incamadrid.dbo.INCA013_SER_Geo,Res_NumPlazas,-1,-1;Texto_Cajetines "Texto_Cajetines" true true false 255 Text 0 0,First,#,incamadrid.dbo.INCA013_SER_Geo,Texto_Cajetines,0,500" # "Color NOT LIKE '%Gris%'"</Process><Process ToolSource="c:\program files\arcgis\pro\Resources\ArcToolbox\toolboxes\Data Management Tools.tbx\DeleteRows" Date="20231011" Time="143021">DeleteRows "E:\Programas\ESRI\BBDD\PRO 10.8 SIG_GEOPORTAL.GEOPORTAL_OWNER.sde\SIG_GEOPORTAL.GEOPORTAL.SER_BANDA_APARCAMIENTO"</Process><Process ToolSource="c:\program files\arcgis\pro\Resources\ArcToolbox\toolboxes\Data Management Tools.tbx\Append" Date="20231011" Time="143147">Append E:\Programas\ESRI\BBDD\INCAMADRID_Zona_SER_READ.sde\incamadrid.dbo.INCA013_SER_Geo "E:\Programas\ESRI\BBDD\PRO 10.8 SIG_GEOPORTAL.GEOPORTAL_OWNER.sde\SIG_GEOPORTAL.GEOPORTAL.SER_BANDA_APARCAMIENTO" "Use the field map to reconcile field differences" "ID "ID" true true false 4 Long 0 10,First,#,incamadrid.dbo.INCA013_SER_Geo,ID,-1,-1;Color "Color" true true false 50 Text 0 0,First,#,incamadrid.dbo.INCA013_SER_Geo,Color,0,50;Bateria_Linea "Batería_L" true true false 10 Text 0 0,First,#,incamadrid.dbo.INCA013_SER_Geo,Bateria_Linea,0,10;Res_NumPlazas "Res_NumPla" true true false 4 Long 0 10,First,#,incamadrid.dbo.INCA013_SER_Geo,Res_NumPlazas,-1,-1;Texto_Cajetines "Texto_Cajetines" true true false 255 Text 0 0,First,#,incamadrid.dbo.INCA013_SER_Geo,Texto_Cajetines,0,500" # "Color NOT LIKE '%Gris%'"</Process><Process ToolSource="c:\program files\arcgis\pro\Resources\ArcToolbox\toolboxes\Data Management Tools.tbx\DeleteRows" Date="20231013" Time="143013">DeleteRows "E:\Programas\ESRI\BBDD\PRO 10.8 SIG_GEOPORTAL.GEOPORTAL_OWNER.sde\SIG_GEOPORTAL.GEOPORTAL.SER_BANDA_APARCAMIENTO"</Process><Process ToolSource="c:\program files\arcgis\pro\Resources\ArcToolbox\toolboxes\Data Management Tools.tbx\Append" Date="20231013" Time="143108">Append E:\Programas\ESRI\BBDD\INCAMADRID_Zona_SER_READ.sde\incamadrid.dbo.INCA013_SER_Geo "E:\Programas\ESRI\BBDD\PRO 10.8 SIG_GEOPORTAL.GEOPORTAL_OWNER.sde\SIG_GEOPORTAL.GEOPORTAL.SER_BANDA_APARCAMIENTO" "Use the field map to reconcile field differences" "ID "ID" true true false 4 Long 0 10,First,#,incamadrid.dbo.INCA013_SER_Geo,ID,-1,-1;Color "Color" true true false 50 Text 0 0,First,#,incamadrid.dbo.INCA013_SER_Geo,Color,0,50;Bateria_Linea "Batería_L" true true false 10 Text 0 0,First,#,incamadrid.dbo.INCA013_SER_Geo,Bateria_Linea,0,10;Res_NumPlazas "Res_NumPla" true true false 4 Long 0 10,First,#,incamadrid.dbo.INCA013_SER_Geo,Res_NumPlazas,-1,-1;Texto_Cajetines "Texto_Cajetines" true true false 255 Text 0 0,First,#,incamadrid.dbo.INCA013_SER_Geo,Texto_Cajetines,0,500" # "Color NOT LIKE '%Gris%'"</Process><Process ToolSource="c:\program files\arcgis\pro\Resources\ArcToolbox\toolboxes\Data Management Tools.tbx\DeleteRows" Date="20231018" Time="143022">DeleteRows "E:\Programas\ESRI\BBDD\PRO 10.8 SIG_GEOPORTAL.GEOPORTAL_OWNER.sde\SIG_GEOPORTAL.GEOPORTAL.SER_BANDA_APARCAMIENTO"</Process><Process ToolSource="c:\program files\arcgis\pro\Resources\ArcToolbox\toolboxes\Data Management Tools.tbx\Append" Date="20231018" Time="143130">Append E:\Programas\ESRI\BBDD\INCAMADRID_Zona_SER_READ.sde\incamadrid.dbo.INCA013_SER_Geo "E:\Programas\ESRI\BBDD\PRO 10.8 SIG_GEOPORTAL.GEOPORTAL_OWNER.sde\SIG_GEOPORTAL.GEOPORTAL.SER_BANDA_APARCAMIENTO" "Use the field map to reconcile field differences" "ID "ID" true true false 4 Long 0 10,First,#,incamadrid.dbo.INCA013_SER_Geo,ID,-1,-1;Color "Color" true true false 50 Text 0 0,First,#,incamadrid.dbo.INCA013_SER_Geo,Color,0,50;Bateria_Linea "Batería_L" true true false 10 Text 0 0,First,#,incamadrid.dbo.INCA013_SER_Geo,Bateria_Linea,0,10;Res_NumPlazas "Res_NumPla" true true false 4 Long 0 10,First,#,incamadrid.dbo.INCA013_SER_Geo,Res_NumPlazas,-1,-1;Texto_Cajetines "Texto_Cajetines" true true false 255 Text 0 0,First,#,incamadrid.dbo.INCA013_SER_Geo,Texto_Cajetines,0,500" # "Color NOT LIKE '%Gris%'"</Process><Process ToolSource="c:\program files\arcgis\pro\Resources\ArcToolbox\toolboxes\Data Management Tools.tbx\DeleteRows" Date="20231020" Time="143022">DeleteRows "E:\Programas\ESRI\BBDD\PRO 10.8 SIG_GEOPORTAL.GEOPORTAL_OWNER.sde\SIG_GEOPORTAL.GEOPORTAL.SER_BANDA_APARCAMIENTO"</Process><Process ToolSource="c:\program files\arcgis\pro\Resources\ArcToolbox\toolboxes\Data Management Tools.tbx\Append" Date="20231020" Time="143141">Append E:\Programas\ESRI\BBDD\INCAMADRID_Zona_SER_READ.sde\incamadrid.dbo.INCA013_SER_Geo "E:\Programas\ESRI\BBDD\PRO 10.8 SIG_GEOPORTAL.GEOPORTAL_OWNER.sde\SIG_GEOPORTAL.GEOPORTAL.SER_BANDA_APARCAMIENTO" "Use the field map to reconcile field differences" "ID "ID" true true false 4 Long 0 10,First,#,incamadrid.dbo.INCA013_SER_Geo,ID,-1,-1;Color "Color" true true false 50 Text 0 0,First,#,incamadrid.dbo.INCA013_SER_Geo,Color,0,50;Bateria_Linea "Batería_L" true true false 10 Text 0 0,First,#,incamadrid.dbo.INCA013_SER_Geo,Bateria_Linea,0,10;Res_NumPlazas "Res_NumPla" true true false 4 Long 0 10,First,#,incamadrid.dbo.INCA013_SER_Geo,Res_NumPlazas,-1,-1;Texto_Cajetines "Texto_Cajetines" true true false 255 Text 0 0,First,#,incamadrid.dbo.INCA013_SER_Geo,Texto_Cajetines,0,500" # "Color NOT LIKE '%Gris%'"</Process><Process ToolSource="c:\program files\arcgis\pro\Resources\ArcToolbox\toolboxes\Data Management Tools.tbx\DeleteRows" Date="20231025" Time="143020">DeleteRows "E:\Programas\ESRI\BBDD\PRO 10.8 SIG_GEOPORTAL.GEOPORTAL_OWNER.sde\SIG_GEOPORTAL.GEOPORTAL.SER_BANDA_APARCAMIENTO"</Process><Process ToolSource="c:\program files\arcgis\pro\Resources\ArcToolbox\toolboxes\Data Management Tools.tbx\Append" Date="20231025" Time="143125">Append E:\Programas\ESRI\BBDD\INCAMADRID_Zona_SER_READ.sde\incamadrid.dbo.INCA013_SER_Geo "E:\Programas\ESRI\BBDD\PRO 10.8 SIG_GEOPORTAL.GEOPORTAL_OWNER.sde\SIG_GEOPORTAL.GEOPORTAL.SER_BANDA_APARCAMIENTO" "Use the field map to reconcile field differences" "ID "ID" true true false 4 Long 0 10,First,#,incamadrid.dbo.INCA013_SER_Geo,ID,-1,-1;Color "Color" true true false 50 Text 0 0,First,#,incamadrid.dbo.INCA013_SER_Geo,Color,0,50;Bateria_Linea "Batería_L" true true false 10 Text 0 0,First,#,incamadrid.dbo.INCA013_SER_Geo,Bateria_Linea,0,10;Res_NumPlazas "Res_NumPla" true true false 4 Long 0 10,First,#,incamadrid.dbo.INCA013_SER_Geo,Res_NumPlazas,-1,-1;Texto_Cajetines "Texto_Cajetines" true true false 255 Text 0 0,First,#,incamadrid.dbo.INCA013_SER_Geo,Texto_Cajetines,0,500" # "Color NOT LIKE '%Gris%'"</Process><Process ToolSource="c:\program files\arcgis\pro\Resources\ArcToolbox\toolboxes\Data Management Tools.tbx\DeleteRows" Date="20231027" Time="143021">DeleteRows "E:\Programas\ESRI\BBDD\PRO 10.8 SIG_GEOPORTAL.GEOPORTAL_OWNER.sde\SIG_GEOPORTAL.GEOPORTAL.SER_BANDA_APARCAMIENTO"</Process><Process ToolSource="c:\program files\arcgis\pro\Resources\ArcToolbox\toolboxes\Data Management Tools.tbx\Append" Date="20231027" Time="143127">Append E:\Programas\ESRI\BBDD\INCAMADRID_Zona_SER_READ.sde\incamadrid.dbo.INCA013_SER_Geo "E:\Programas\ESRI\BBDD\PRO 10.8 SIG_GEOPORTAL.GEOPORTAL_OWNER.sde\SIG_GEOPORTAL.GEOPORTAL.SER_BANDA_APARCAMIENTO" "Use the field map to reconcile field differences" "ID "ID" true true false 4 Long 0 10,First,#,incamadrid.dbo.INCA013_SER_Geo,ID,-1,-1;Color "Color" true true false 50 Text 0 0,First,#,incamadrid.dbo.INCA013_SER_Geo,Color,0,50;Bateria_Linea "Batería_L" true true false 10 Text 0 0,First,#,incamadrid.dbo.INCA013_SER_Geo,Bateria_Linea,0,10;Res_NumPlazas "Res_NumPla" true true false 4 Long 0 10,First,#,incamadrid.dbo.INCA013_SER_Geo,Res_NumPlazas,-1,-1;Texto_Cajetines "Texto_Cajetines" true true false 255 Text 0 0,First,#,incamadrid.dbo.INCA013_SER_Geo,Texto_Cajetines,0,500" # "Color NOT LIKE '%Gris%'"</Process><Process ToolSource="c:\program files\arcgis\pro\Resources\ArcToolbox\toolboxes\Conversion Tools.tbx\FeatureClassToFeatureClass" Date="20231027" Time="143136">FeatureClassToFeatureClass "E:\Programas\ESRI\BBDD\PRO 10.8 SIG_GEOPORTAL.GEOPORTAL_OWNER.sde\SIG_GEOPORTAL.GEOPORTAL.SER_BANDA_APARCAMIENTO" \\BIGDATA\CARTOGRAFIA\PUBLICACION\MOVILIDAD\ZONA_SER\SHP BANDAS_DE_APARCAMIENTO.shp # "ID "ID" true true false 4 Long 0 10,First,#,SIG_GEOPORTAL.GEOPORTAL.SER_BANDA_APARCAMIENTO,ID,-1,-1;Color "Color" true true false 50 Text 0 0,First,#,SIG_GEOPORTAL.GEOPORTAL.SER_BANDA_APARCAMIENTO,Color,0,50;Bateria_Linea "Batería_L" true true false 10 Text 0 0,First,#,SIG_GEOPORTAL.GEOPORTAL.SER_BANDA_APARCAMIENTO,Bateria_Linea,0,10;Res_NumPlazas "Res_NumPla" true true false 4 Long 0 10,First,#,SIG_GEOPORTAL.GEOPORTAL.SER_BANDA_APARCAMIENTO,Res_NumPlazas,-1,-1" #</Process></lineage><itemProps><itemName Sync="TRUE">BANDAS_DE_APARCAMIENTO</itemName><imsContentType Sync="TRUE">002</imsContentType><itemSize Sync="TRUE">0.000</itemSize><itemLocation><linkage Sync="TRUE">file://\\BIGDATA\CARTOGRAFIA\PUBLICACION\MOVILIDAD\ZONA_SER\SHP\BANDAS_DE_APARCAMIENTO.shp</linkage><protocol Sync="TRUE">Local Area Network</protocol></itemLocation></itemProps><coordRef><type Sync="TRUE">Projected</type><geogcsn Sync="TRUE">GCS_ETRS_1989</geogcsn><csUnits Sync="TRUE">Linear Unit: Meter (1.000000)</csUnits><projcsn Sync="TRUE">ETRS_1989_UTM_Zone_30N</projcsn><peXml Sync="TRUE">&lt;ProjectedCoordinateSystem xsi:type='typens:ProjectedCoordinateSystem' xmlns:xsi='http://www.w3.org/2001/XMLSchema-instance' xmlns:xs='http://www.w3.org/2001/XMLSchema' xmlns:typens='http://www.esri.com/schemas/ArcGIS/2.9.0'&gt;&lt;WKT&gt;PROJCS[&amp;quot;ETRS_1989_UTM_Zone_30N&amp;quot;,GEOGCS[&amp;quot;GCS_ETRS_1989&amp;quot;,DATUM[&amp;quot;D_ETRS_1989&amp;quot;,SPHEROID[&amp;quot;GRS_1980&amp;quot;,6378137.0,298.257222101]],PRIMEM[&amp;quot;Greenwich&amp;quot;,0.0],UNIT[&amp;quot;Degree&amp;quot;,0.0174532925199433]],PROJECTION[&amp;quot;Transverse_Mercator&amp;quot;],PARAMETER[&amp;quot;False_Easting&amp;quot;,500000.0],PARAMETER[&amp;quot;False_Northing&amp;quot;,0.0],PARAMETER[&amp;quot;Central_Meridian&amp;quot;,-3.0],PARAMETER[&amp;quot;Scale_Factor&amp;quot;,0.9996],PARAMETER[&amp;quot;Latitude_Of_Origin&amp;quot;,0.0],UNIT[&amp;quot;Meter&amp;quot;,1.0],AUTHORITY[&amp;quot;EPSG&amp;quot;,25830]]&lt;/WKT&gt;&lt;XOrigin&gt;-5120900&lt;/XOrigin&gt;&lt;YOrigin&gt;-9998100&lt;/YOrigin&gt;&lt;XYScale&gt;450445547.3910538&lt;/XYScale&gt;&lt;ZOrigin&gt;-100000&lt;/ZOrigin&gt;&lt;ZScale&gt;10000&lt;/ZScale&gt;&lt;MOrigin&gt;-100000&lt;/MOrigin&gt;&lt;MScale&gt;10000&lt;/MScale&gt;&lt;XYTolerance&gt;0.001&lt;/XYTolerance&gt;&lt;ZTolerance&gt;0.001&lt;/ZTolerance&gt;&lt;MTolerance&gt;0.001&lt;/MTolerance&gt;&lt;HighPrecision&gt;true&lt;/HighPrecision&gt;&lt;WKID&gt;25830&lt;/WKID&gt;&lt;LatestWKID&gt;25830&lt;/LatestWKID&gt;&lt;/ProjectedCoordinateSystem&gt;</peXml></coordRef></DataProperties><SyncDate>20231027</SyncDate><SyncTime>14313000</SyncTime><ModDate>20231027</ModDate><ModTime>14313000</ModTime></Esri><dataIdInfo><envirDesc Sync="TRUE">Microsoft Windows Server 2016 Technical Preview Version 10.0 (Build 17763) ; Esri ArcGIS 12.9.0.32739</envirDesc><dataLang><languageCode value="spa" Sync="TRUE"></languageCode><countryCode value="ESP" Sync="TRUE"></countryCode></dataLang><idCitation><resTitle Sync="TRUE">BANDAS_DE_APARCAMIENTO</resTitle><presForm><PresFormCd value="005" Sync="TRUE"></PresFormCd></presForm></idCitation><spatRpType><SpatRepTypCd value="001" Sync="TRUE"></SpatRepTypCd></spatRpType></dataIdInfo><mdLang><languageCode value="spa" Sync="TRUE"></languageCode><countryCode value="ESP" Sync="TRUE"></countryCode></mdLang><distInfo><distFormat><formatName Sync="TRUE">Shapefile</formatName></distFormat><distTranOps><transSize Sync="TRUE">0.000</transSize></distTranOps></distInfo><mdHrLv><ScopeCd value="005" Sync="TRUE"></ScopeCd></mdHrLv><mdHrLvName Sync="TRUE">dataset</mdHrLvName><refSysInfo><RefSystem><refSysID><identCode code="25830" Sync="TRUE"></identCode><idCodeSpace Sync="TRUE">EPSG</idCodeSpace><idVersion Sync="TRUE">4.3(4.0.0)</idVersion></refSysID></RefSystem></refSysInfo><spatRepInfo><VectSpatRep><geometObjs Name="BANDAS_DE_APARCAMIENTO"><geoObjTyp><GeoObjTypCd value="002" Sync="TRUE"></GeoObjTypCd></geoObjTyp><geoObjCnt Sync="TRUE">0</geoObjCnt></geometObjs><topLvl><TopoLevCd value="001" Sync="TRUE"></TopoLevCd></topLvl></VectSpatRep></spatRepInfo><spdoinfo><ptvctinf><esriterm Name="BANDAS_DE_APARCAMIENTO"><efeatyp Sync="TRUE">Simple</efeatyp><efeageom code="3" Sync="TRUE"></efeageom><esritopo Sync="TRUE">FALSE</esritopo><efeacnt Sync="TRUE">0</efeacnt><spindex Sync="TRUE">FALSE</spindex><linrefer Sync="TRUE">TRUE</linrefer></esriterm></ptvctinf></spdoinfo><eainfo><detailed Name="BANDAS_DE_APARCAMIENTO"><enttyp><enttypl Sync="TRUE">BANDAS_DE_APARCAMIENTO</enttypl><enttypt Sync="TRUE">Feature Class</enttypt><enttypc Sync="TRUE">0</enttypc></enttyp><attr><attrlabl Sync="TRUE">FID</attrlabl><attalias Sync="TRUE">FID</attalias><attrtype Sync="TRUE">OID</attrtype><attwidth Sync="TRUE">4</attwidth><atprecis Sync="TRUE">0</atprecis><attscale Sync="TRUE">0</attscale><attrdef Sync="TRUE">Internal feature number.</attrdef><attrdefs Sync="TRUE">Esri</attrdefs><attrdomv><udom Sync="TRUE">Sequential unique whole numbers that are automatically generated.</udom></attrdomv></attr><attr><attrlabl Sync="TRUE">Shape</attrlabl><attalias Sync="TRUE">Shape</attalias><attrtype Sync="TRUE">Geometry</attrtype><attwidth Sync="TRUE">0</attwidth><atprecis Sync="TRUE">0</atprecis><attscale Sync="TRUE">0</attscale><attrdef Sync="TRUE">Feature geometry.</attrdef><attrdefs Sync="TRUE">Esri</attrdefs><attrdomv><udom Sync="TRUE">Coordinates defining the features.</udom></attrdomv></attr><attr><attrlabl Sync="TRUE">ID</attrlabl><attalias Sync="TRUE">ID</attalias><attrtype Sync="TRUE">Integer</attrtype><attwidth Sync="TRUE">10</attwidth><atprecis Sync="TRUE">10</atprecis><attscale Sync="TRUE">0</attscale></attr><attr><attrlabl Sync="TRUE">Color</attrlabl><attalias Sync="TRUE">Color</attalias><attrtype Sync="TRUE">String</attrtype><attwidth Sync="TRUE">50</attwidth><atprecis Sync="TRUE">0</atprecis><attscale Sync="TRUE">0</attscale></attr><attr><attrlabl Sync="TRUE">Bateria_Li</attrlabl><attalias Sync="TRUE">Bateria_Li</attalias><attrtype Sync="TRUE">String</attrtype><attwidth Sync="TRUE">10</attwidth><atprecis Sync="TRUE">0</atprecis><attscale Sync="TRUE">0</attscale></attr><attr><attrlabl Sync="TRUE">Res_NumPla</attrlabl><attalias Sync="TRUE">Res_NumPla</attalias><attrtype Sync="TRUE">Integer</attrtype><attwidth Sync="TRUE">10</attwidth><atprecis Sync="TRUE">10</atprecis><attscale Sync="TRUE">0</attscale></attr></detailed></eainfo><mdDateSt Sync="TRUE">20231027</mdDateSt></metadata>
