<gmd:MD_Metadata xmlns:gco="http://www.isotc211.org/2005/gco" xmlns:gmd="http://www.isotc211.org/2005/gmd" xmlns:gml="http://www.opengis.net/gml" xmlns:gts="http://www.isotc211.org/2005/gts" xmlns:xlink="http://www.w3.org/1999/xlink/" xmlns:xsi="http://www.w3.org/2001/XMLSchema-instance"><gmd:fileIdentifier><gco:CharacterString>422fa235-762b-11e9-861d-ecb1d753f6e8</gco:CharacterString></gmd:fileIdentifier><gmd:language><gmd:LanguageCode codeList="./resources/codeList.xml#LanguageCode" codeListValue="spa">spa</gmd:LanguageCode></gmd:language><gmd:characterSet><gmd:MD_CharacterSetCode codeList="./resources/codeList.xml#MD_CharacterSetCode" codeListValue="utf8">utf8</gmd:MD_CharacterSetCode></gmd:characterSet><gmd:parentIdentifier gco:nilReason="missing"/><gmd:hierarchyLevel><gmd:MD_ScopeCode codeList="./resources/codeList.xml#MD_ScopeCode" codeListValue="dataset">dataset</gmd:MD_ScopeCode></gmd:hierarchyLevel><gmd:hierarchyLevelName gco:nilReason="missing"/><gmd:contact><gmd:CI_ResponsibleParty><gmd:individualName gco:nilReason="missing"/><gmd:organisationName><gco:CharacterString>Ayuntamiento de Madrid. Área de Gobierno de Desarrollo Urbano. Departamento de Cartografía</gco:CharacterString></gmd:organisationName><gmd:positionName gco:nilReason="missing"/><gmd:contactInfo><gmd:CI_Contact><gmd:address><gmd:CI_Address><gmd:electronicMailAddress><gco:CharacterString>dptocartografia@madrid.es</gco:CharacterString></gmd:electronicMailAddress></gmd:CI_Address></gmd:address></gmd:CI_Contact></gmd:contactInfo><gmd:role><gmd:CI_RoleCode codeList="./resources/codeList.xml#CI_RoleCode" codeListValue="pointOfContact">pointOfContact</gmd:CI_RoleCode></gmd:role></gmd:CI_ResponsibleParty></gmd:contact><gmd:dateStamp><gco:Date>2020-12-29</gco:Date></gmd:dateStamp><gmd:metadataStandardName><gco:CharacterString>ISO 19115</gco:CharacterString></gmd:metadataStandardName><gmd:metadataStandardVersion><gco:CharacterString>ISO19115:2003/Cor 1 2006</gco:CharacterString></gmd:metadataStandardVersion><gmd:referenceSystemInfo><gmd:MD_ReferenceSystem><gmd:referenceSystemIdentifier><gmd:RS_Identifier><gmd:authority><gmd:CI_Citation><gmd:title><gco:CharacterString>European Petroleum Survey Group (EPSG)</gco:CharacterString></gmd:title><gmd:alternateTitle><gco:CharacterString>ETRS89 UTM30N</gco:CharacterString></gmd:alternateTitle><gmd:date><gmd:CI_Date><gmd:date><gco:Date>1986-01-01</gco:Date></gmd:date><gmd:dateType><gmd:CI_DateTypeCode codeList="./resources/codeList.xml#CI_DateTypeCode" codeListValue="creation">creation</gmd:CI_DateTypeCode></gmd:dateType></gmd:CI_Date></gmd:date></gmd:CI_Citation></gmd:authority><gmd:code><gco:CharacterString>EPSG:25830</gco:CharacterString></gmd:code></gmd:RS_Identifier></gmd:referenceSystemIdentifier></gmd:MD_ReferenceSystem></gmd:referenceSystemInfo><gmd:identificationInfo><gmd:MD_DataIdentification><gmd:citation><gmd:CI_Citation><gmd:title><gco:CharacterString>Barrios municipales de Madrid</gco:CharacterString></gmd:title><gmd:date><gmd:CI_Date><gmd:date><gco:Date>2020-11-02</gco:Date></gmd:date><gmd:dateType><gmd:CI_DateTypeCode codeList="./resources/codeList.xml#CI_DateTypeCode" codeListValue="revision">revision</gmd:CI_DateTypeCode></gmd:dateType></gmd:CI_Date></gmd:date><gmd:identifier><gmd:RS_Identifier><gmd:code><gco:CharacterString>http://geoportal.madrid.es/metadata/422fa235-762b-11e9-861d-ecb1d753f6e8</gco:CharacterString></gmd:code></gmd:RS_Identifier></gmd:identifier></gmd:CI_Citation></gmd:citation><gmd:abstract><gco:CharacterString>Delimitación de los 131  barrios del municipio de Madrid. Se indican los nombres y códigos de cada barrio y de los distritos a los que pertenecen. La delimitación inicial corresponde a la reestructuración territorial de 1987. En esta versión de fecha 11/2020 se han realizado ajustes de las delimitaciones a ejes los de viario.
   Versión de los datos v3.4.2.1
                </gco:CharacterString></gmd:abstract><gmd:pointOfContact><gmd:CI_ResponsibleParty><gmd:individualName gco:nilReason="missing"/><gmd:organisationName><gco:CharacterString>Ayuntamiento de Madrid. Área de Gobierno de Desarrollo Urbano. Departamento de Cartografía</gco:CharacterString></gmd:organisationName><gmd:positionName gco:nilReason="missing"/><gmd:contactInfo><gmd:CI_Contact><gmd:address><gmd:CI_Address><gmd:electronicMailAddress><gco:CharacterString>dptocartografia@madrid.es</gco:CharacterString></gmd:electronicMailAddress></gmd:CI_Address></gmd:address></gmd:CI_Contact></gmd:contactInfo><gmd:role><gmd:CI_RoleCode codeList="./resources/codeList.xml#CI_RoleCode" codeListValue="Punto de contacto">Punto de contacto</gmd:CI_RoleCode></gmd:role></gmd:CI_ResponsibleParty></gmd:pointOfContact><gmd:descriptiveKeywords><gmd:MD_Keywords><gmd:keyword><gco:CharacterString>barrios</gco:CharacterString></gmd:keyword></gmd:MD_Keywords></gmd:descriptiveKeywords><gmd:descriptiveKeywords><gmd:MD_Keywords><gmd:keyword><gco:CharacterString>límite</gco:CharacterString></gmd:keyword></gmd:MD_Keywords></gmd:descriptiveKeywords><gmd:descriptiveKeywords><gmd:MD_Keywords><gmd:keyword><gco:CharacterString>administrativo</gco:CharacterString></gmd:keyword></gmd:MD_Keywords></gmd:descriptiveKeywords><gmd:descriptiveKeywords><gmd:MD_Keywords><gmd:keyword><gco:CharacterString>http://datos.gob.es/kos/sector-publico/sector/urbanismo-infraestructuras</gco:CharacterString></gmd:keyword></gmd:MD_Keywords></gmd:descriptiveKeywords><gmd:descriptiveKeywords><gmd:MD_Keywords><gmd:keyword><gco:CharacterString>http://geoportal.madrid.es/categoria/limites_administrativos</gco:CharacterString></gmd:keyword></gmd:MD_Keywords></gmd:descriptiveKeywords><gmd:resourceConstraints><gmd:MD_Constraints><gmd:useLimitation><gco:CharacterString>https://datos.madrid.es/egob/catalogo/aviso-legal</gco:CharacterString></gmd:useLimitation></gmd:MD_Constraints></gmd:resourceConstraints><gmd:spatialResolution><gmd:MD_Resolution><gmd:equivalentScale><gmd:MD_RepresentativeFraction><gmd:denominator><gco:Integer>1000</gco:Integer></gmd:denominator></gmd:MD_RepresentativeFraction></gmd:equivalentScale></gmd:MD_Resolution></gmd:spatialResolution><gmd:language><gmd:LanguageCode codeList="./resources/codeList.xml#LanguageCode" codeListValue="spa">spa</gmd:LanguageCode></gmd:language><gmd:characterSet><gmd:MD_CharacterSetCode codeList="./resources/codeList.xml#MD_CharacterSetCode" codeListValue="utf8">utf8</gmd:MD_CharacterSetCode></gmd:characterSet><gmd:topicCategory><gmd:MD_TopicCategoryCode>imageryBaseMapsEarthCover</gmd:MD_TopicCategoryCode></gmd:topicCategory><gmd:extent><gmd:EX_Extent><gmd:description gco:nilReason="missing"/><gmd:geographicElement><gmd:EX_GeographicBoundingBox><gmd:westBoundLongitude><gco:Decimal>-3.888585</gco:Decimal></gmd:westBoundLongitude><gmd:eastBoundLongitude><gco:Decimal>-3.516245</gco:Decimal></gmd:eastBoundLongitude><gmd:southBoundLatitude><gco:Decimal>40.311410</gco:Decimal></gmd:southBoundLatitude><gmd:northBoundLatitude><gco:Decimal>40.645133 </gco:Decimal></gmd:northBoundLatitude></gmd:EX_GeographicBoundingBox></gmd:geographicElement><gmd:temporalElement gco:nilReason="missing"/><gmd:verticalElement gco:nilReason="missing"/></gmd:EX_Extent></gmd:extent></gmd:MD_DataIdentification></gmd:identificationInfo><gmd:distributionInfo><gmd:MD_Distribution><gmd:distributionFormat><gmd:MD_Format><gmd:name><gco:CharacterString>SHP</gco:CharacterString></gmd:name><gmd:version><gco:CharacterString>-</gco:CharacterString></gmd:version></gmd:MD_Format></gmd:distributionFormat><gmd:distributionFormat><gmd:MD_Format><gmd:name><gco:CharacterString>KML</gco:CharacterString></gmd:name><gmd:version><gco:CharacterString>-</gco:CharacterString></gmd:version></gmd:MD_Format></gmd:distributionFormat><gmd:transferOptions><gmd:MD_DigitalTransferOptions><gmd:onLine><gmd:CI_OnlineResource><gmd:linkage><gmd:URL>http://geoportal.madrid.es/fsdescargas/IDEAM_WBGEOPORTAL/LIMITES_ADMINISTRATIVOS/Barrios/Barrios.zip</gmd:URL></gmd:linkage><gmd:protocol><gco:CharacterString>WWW:DOWNLOAD-1.0-http--download</gco:CharacterString></gmd:protocol><gmd:name><gco:CharacterString>Barrios</gco:CharacterString></gmd:name><gmd:description><gco:CharacterString>Polígonos. Formato shp.</gco:CharacterString></gmd:description><gmd:function><gmd:CI_OnLineFunctionCode codeList="./resources/codeList.xml#CI_OnLineFunctionCode" codeListValue="information">information</gmd:CI_OnLineFunctionCode></gmd:function></gmd:CI_OnlineResource></gmd:onLine><gmd:onLine><gmd:CI_OnlineResource><gmd:linkage><gmd:URL>https://geoportal.madrid.es/fsdescargas/IDEAM_WBGEOPORTAL/LIMITES_ADMINISTRATIVOS/Barrios/Barrios.kml</gmd:URL></gmd:linkage><gmd:protocol><gco:CharacterString>WWW:LINK-1.0-http--link</gco:CharacterString></gmd:protocol><gmd:name><gco:CharacterString>Barrios</gco:CharacterString></gmd:name><gmd:description><gco:CharacterString>Delimitaciones. Formato Kml.</gco:CharacterString></gmd:description></gmd:CI_OnlineResource></gmd:onLine><gmd:onLine><gmd:CI_OnlineResource><gmd:linkage><gmd:URL>https://geoportal.madrid.es/fsdescargas/IDEAM_WBGEOPORTAL/LIMITES_ADMINISTRATIVOS/Barrios/Historicos/Divisiones_Historicas.zip</gmd:URL></gmd:linkage><gmd:protocol><gco:CharacterString>WWW:DOWNLOAD-1.0-http--download</gco:CharacterString></gmd:protocol><gmd:name><gco:CharacterString>Divisiones administrativas históricas.</gco:CharacterString></gmd:name><gmd:description><gco:CharacterString>Polígonos. Formato shp.</gco:CharacterString></gmd:description></gmd:CI_OnlineResource></gmd:onLine></gmd:MD_DigitalTransferOptions></gmd:transferOptions></gmd:MD_Distribution></gmd:distributionInfo><gmd:dataQualityInfo><gmd:DQ_DataQuality><gmd:scope><gmd:DQ_Scope><gmd:level><gmd:MD_ScopeCode codeList="./resources/codeList.xml#MD_ScopeCode" codeListValue="Series">Series</gmd:MD_ScopeCode></gmd:level><gmd:levelDescription gco:nilReason="missing"/></gmd:DQ_Scope></gmd:scope><gmd:report gco:nilReason="missing"/><gmd:lineage><gmd:LI_Lineage><gmd:statement><gco:CharacterString>Se actualiza de la versión anterior de límites de barrio</gco:CharacterString></gmd:statement><gmd:processStep gco:nilReason="missing"/><gmd:source gco:nilReason="missing"/></gmd:LI_Lineage></gmd:lineage></gmd:DQ_DataQuality></gmd:dataQualityInfo><gmd:metadataMaintenance><gmd:MD_MaintenanceInformation><gmd:maintenanceAndUpdateFrequency><gmd:MD_MaintenanceFrequencyCode codeList="./resources/codeList.xml#MD_MaintenanceFrequencyCode" codeListValue="continual">continual</gmd:MD_MaintenanceFrequencyCode></gmd:maintenanceAndUpdateFrequency></gmd:MD_MaintenanceInformation></gmd:metadataMaintenance><Esri><CreaDate>20220425</CreaDate><CreaTime>13265700</CreaTime><ArcGISstyle>ISO 19139 Metadata Implementation Specification GML3.2</ArcGISstyle><SyncOnce>FALSE</SyncOnce><DataProperties><itemProps><itemLocation><linkage Sync="TRUE">file://\\bigdata\cartografia\PUBLICACION\MOVILIDAD\ZONA_SER\Limite_Barrios_Zona_SER.shp</linkage><protocol Sync="TRUE">Local Area Network</protocol></itemLocation><itemName Sync="TRUE">Limite_Barrios_Zona_SER</itemName><imsContentType Sync="TRUE">002</imsContentType><nativeExtBox><westBL Sync="TRUE">424753.542000</westBL><eastBL Sync="TRUE">456033.322800</eastBL><southBL Sync="TRUE">4462565.990800</southBL><northBL Sync="TRUE">4499365.429000</northBL><exTypeCode Sync="TRUE">1</exTypeCode></nativeExtBox><itemSize Sync="TRUE">0.000</itemSize></itemProps><copyHistory><copy source="S:\CARTOGRAFIA\Limites_administrativos_interiores\REVISION_2019_delimitaciones\MERGE\Definitivos_Noviembre_2020\Barrios" dest="\\Bigdata\cartografia\CARTOGRAFIA\Limites_administrativos_interiores\REVISION_2019_delimitaciones\MERGE\SDE\Barrios" date="20201230" time="08402200"/></copyHistory><coordRef><type Sync="TRUE">Projected</type><geogcsn Sync="TRUE">GCS_ETRS_1989</geogcsn><csUnits Sync="TRUE">Linear Unit: Meter (1.000000)</csUnits><projcsn Sync="TRUE">ETRS_1989_UTM_Zone_30N</projcsn><peXml Sync="TRUE">&lt;ProjectedCoordinateSystem xsi:type='typens:ProjectedCoordinateSystem' xmlns:xsi='http://www.w3.org/2001/XMLSchema-instance' xmlns:xs='http://www.w3.org/2001/XMLSchema' xmlns:typens='http://www.esri.com/schemas/ArcGIS/2.9.0'&gt;&lt;WKT&gt;PROJCS[&amp;quot;ETRS_1989_UTM_Zone_30N&amp;quot;,GEOGCS[&amp;quot;GCS_ETRS_1989&amp;quot;,DATUM[&amp;quot;D_ETRS_1989&amp;quot;,SPHEROID[&amp;quot;GRS_1980&amp;quot;,6378137.0,298.257222101]],PRIMEM[&amp;quot;Greenwich&amp;quot;,0.0],UNIT[&amp;quot;Degree&amp;quot;,0.0174532925199433]],PROJECTION[&amp;quot;Transverse_Mercator&amp;quot;],PARAMETER[&amp;quot;False_Easting&amp;quot;,500000.0],PARAMETER[&amp;quot;False_Northing&amp;quot;,0.0],PARAMETER[&amp;quot;Central_Meridian&amp;quot;,-3.0],PARAMETER[&amp;quot;Scale_Factor&amp;quot;,0.9996],PARAMETER[&amp;quot;Latitude_Of_Origin&amp;quot;,0.0],UNIT[&amp;quot;Meter&amp;quot;,1.0],AUTHORITY[&amp;quot;EPSG&amp;quot;,25830]]&lt;/WKT&gt;&lt;XOrigin&gt;-5120900&lt;/XOrigin&gt;&lt;YOrigin&gt;-9998100&lt;/YOrigin&gt;&lt;XYScale&gt;450445547.3910538&lt;/XYScale&gt;&lt;ZOrigin&gt;-100000&lt;/ZOrigin&gt;&lt;ZScale&gt;10000&lt;/ZScale&gt;&lt;MOrigin&gt;-100000&lt;/MOrigin&gt;&lt;MScale&gt;10000&lt;/MScale&gt;&lt;XYTolerance&gt;0.001&lt;/XYTolerance&gt;&lt;ZTolerance&gt;0.001&lt;/ZTolerance&gt;&lt;MTolerance&gt;0.001&lt;/MTolerance&gt;&lt;HighPrecision&gt;true&lt;/HighPrecision&gt;&lt;WKID&gt;25830&lt;/WKID&gt;&lt;LatestWKID&gt;25830&lt;/LatestWKID&gt;&lt;/ProjectedCoordinateSystem&gt;</peXml></coordRef><lineage><Process ToolSource="c:\program files (x86)\arcgis\desktop10.5\ArcToolbox\Toolboxes\Data Management Tools.tbx\DeleteRows" Date="20210721" Time="102649">DeleteRows "Conexiones de base de datos\PRO SIG_CARTOGRAFIA_OWNER.sde\SIG_CARTOGRAFIA.CARTOGRAFIA.LIMITES_ADMINISTRATIVOS\SIG_CARTOGRAFIA.CARTOGRAFIA.BARRIOS"</Process><Process ToolSource="c:\program files (x86)\arcgis\desktop10.5\ArcToolbox\Toolboxes\Data Management Tools.tbx\Append" Date="20210721" Time="105111">Append 'Conexiones de base de datos\PRO SIG_CARTOGRAFIA_OWNER.sde\SIG_CARTOGRAFIA.CARTOGRAFIA.LIMITES_ADMINISTRATIVOS\SIG_CARTOGRAFIA.CARTOGRAFIA.BARRIOS_20210712_P' "Conexiones de base de datos\PRO SIG_CARTOGRAFIA_OWNER.sde\SIG_CARTOGRAFIA.CARTOGRAFIA.LIMITES_ADMINISTRATIVOS\SIG_CARTOGRAFIA.CARTOGRAFIA.BARRIOS" NO_TEST "CODDIS "CODDIS" true true false 2 Text 0 0 ,First,#,Conexiones de base de datos\PRO SIG_CARTOGRAFIA_OWNER.sde\SIG_CARTOGRAFIA.CARTOGRAFIA.LIMITES_ADMINISTRATIVOS\SIG_CARTOGRAFIA.CARTOGRAFIA.BARRIOS_20210712_P,COD_DIS,-1,-1;NOMDIS "NOMDIS" true true false 50 Text 0 0 ,First,#,Conexiones de base de datos\PRO SIG_CARTOGRAFIA_OWNER.sde\SIG_CARTOGRAFIA.CARTOGRAFIA.LIMITES_ADMINISTRATIVOS\SIG_CARTOGRAFIA.CARTOGRAFIA.BARRIOS_20210712_P,NOMDIS,-1,-1;COD_BAR "COD_BAR" true true false 3 Text 0 0 ,First,#,Conexiones de base de datos\PRO SIG_CARTOGRAFIA_OWNER.sde\SIG_CARTOGRAFIA.CARTOGRAFIA.LIMITES_ADMINISTRATIVOS\SIG_CARTOGRAFIA.CARTOGRAFIA.BARRIOS_20210712_P,COD_BAR,-1,-1;NOMBRE "NOMBRE" true true false 50 Text 0 0 ,First,#,Conexiones de base de datos\PRO SIG_CARTOGRAFIA_OWNER.sde\SIG_CARTOGRAFIA.CARTOGRAFIA.LIMITES_ADMINISTRATIVOS\SIG_CARTOGRAFIA.CARTOGRAFIA.BARRIOS_20210712_P,NOMBRE,-1,-1;Shape_Leng "Shape_Leng" true true false 8 Double 8 38 ,First,#,Conexiones de base de datos\PRO SIG_CARTOGRAFIA_OWNER.sde\SIG_CARTOGRAFIA.CARTOGRAFIA.LIMITES_ADMINISTRATIVOS\SIG_CARTOGRAFIA.CARTOGRAFIA.BARRIOS_20210712_P,Shape.STLength(),-1,-1;COD_DIS_TX "COD_DIS_TX" true true false 2 Text 0 0 ,First,#,Conexiones de base de datos\PRO SIG_CARTOGRAFIA_OWNER.sde\SIG_CARTOGRAFIA.CARTOGRAFIA.LIMITES_ADMINISTRATIVOS\SIG_CARTOGRAFIA.CARTOGRAFIA.BARRIOS_20210712_P,COD_DIS_TX,-1,-1;BARRIO_MAY "BARRIO_MAY" true true false 50 Text 0 0 ,First,#,Conexiones de base de datos\PRO SIG_CARTOGRAFIA_OWNER.sde\SIG_CARTOGRAFIA.CARTOGRAFIA.LIMITES_ADMINISTRATIVOS\SIG_CARTOGRAFIA.CARTOGRAFIA.BARRIOS_20210712_P,BARRIO_MAY,-1,-1;COD_DISBAR "COD_DISBAR" true true false 3 Text 0 0 ,First,#,Conexiones de base de datos\PRO SIG_CARTOGRAFIA_OWNER.sde\SIG_CARTOGRAFIA.CARTOGRAFIA.LIMITES_ADMINISTRATIVOS\SIG_CARTOGRAFIA.CARTOGRAFIA.BARRIOS_20210712_P,COD_DISBAR,-1,-1;NUM_BAR "NUM_BAR" true true false 1 Text 0 0 ,First,#,Conexiones de base de datos\PRO SIG_CARTOGRAFIA_OWNER.sde\SIG_CARTOGRAFIA.CARTOGRAFIA.LIMITES_ADMINISTRATIVOS\SIG_CARTOGRAFIA.CARTOGRAFIA.BARRIOS_20210712_P,NUM_BAR,-1,-1;BARRIO_MT "BARRIO_MT" true true false 50 Text 0 0 ,First,#,Conexiones de base de datos\PRO SIG_CARTOGRAFIA_OWNER.sde\SIG_CARTOGRAFIA.CARTOGRAFIA.LIMITES_ADMINISTRATIVOS\SIG_CARTOGRAFIA.CARTOGRAFIA.BARRIOS_20210712_P,BARRIO_MT,-1,-1;COD_DISB "COD_DISB" true true false 4 Text 0 0 ,First,#,Conexiones de base de datos\PRO SIG_CARTOGRAFIA_OWNER.sde\SIG_CARTOGRAFIA.CARTOGRAFIA.LIMITES_ADMINISTRATIVOS\SIG_CARTOGRAFIA.CARTOGRAFIA.BARRIOS_20210712_P,COD_DISB,-1,-1;Shape.STArea() "Shape.STArea()" false false true 0 Double 0 0 ,First,#,Conexiones de base de datos\PRO SIG_CARTOGRAFIA_OWNER.sde\SIG_CARTOGRAFIA.CARTOGRAFIA.LIMITES_ADMINISTRATIVOS\SIG_CARTOGRAFIA.CARTOGRAFIA.BARRIOS_20210712_P,Shape.STArea(),-1,-1;Shape.STLength() "Shape.STLength()" false false true 0 Double 0 0 ,First,#,Conexiones de base de datos\PRO SIG_CARTOGRAFIA_OWNER.sde\SIG_CARTOGRAFIA.CARTOGRAFIA.LIMITES_ADMINISTRATIVOS\SIG_CARTOGRAFIA.CARTOGRAFIA.BARRIOS_20210712_P,Shape.STLength(),-1,-1" #</Process><Process ToolSource="c:\program files (x86)\arcgis\desktop10.8\ArcToolbox\Toolboxes\Conversion Tools.tbx\FeatureClassToFeatureClass" Date="20220425" Time="144528">FeatureClassToFeatureClass Barrios_Zona_SER "Conexiones de base de datos\PRO 10.8 SIG_GEOPORTAL.GEOPORTAL_OWNER.sde\SIG_GEOPORTAL.GEOPORTAL.MOVILIDAD_ZONA_SER" Barrios_Zona_SER # "CODDIS "CODDIS" true true false 2 Text 0 0 ,First,#,Barrios_Zona_SER,CODDIS,-1,-1;NOMDIS "NOMDIS" true true false 50 Text 0 0 ,First,#,Barrios_Zona_SER,NOMDIS,-1,-1;CODBAR "CODBAR" true true false 1 Text 0 0 ,First,#,Barrios_Zona_SER,NUM_BAR,-1,-1;NOMBAR "NOMBAR" true true false 50 Text 0 0 ,First,#,Barrios_Zona_SER,NOMBRE,-1,-1;COD_DIS_TX "COD_DIS_TX" true true false 2 Text 0 0 ,First,#,Barrios_Zona_SER,COD_DIS_TX,-1,-1;COD_BAR_TX "COD_BAR_TX" true true false 3 Text 0 0 ,First,#,Barrios_Zona_SER,COD_BAR,-1,-1;NOMBAR_MAY "NOMBAR_MAY" true true false 50 Text 0 0 ,First,#,Barrios_Zona_SER,BARRIO_MAY,-1,-1;N_LOTE "N_LOTE" true true false 50 Text 0 0 ,First,#,Barrios_Zona_SER,N_LOTE,-1,-1" #</Process><Process ToolSource="c:\program files\arcgis\pro\Resources\ArcToolbox\toolboxes\Data Management Tools.tbx\DeleteRows" Date="20230223" Time="133905">DeleteRows SIG_GEOPORTAL.GEOPORTAL.Barrios_Zona_SER</Process><Process ToolSource="c:\program files\arcgis\pro\Resources\ArcToolbox\toolboxes\Data Management Tools.tbx\Append" Date="20230223" Time="133942">Append Barrios_Zona_SER SIG_GEOPORTAL.GEOPORTAL.Barrios_Zona_SER "Utilizar el mapa de campo para conciliar las diferencias de campo" "CODDIS "CODDIS" true true false 2 Text 0 0,First,#,C:\Users\gsg010\OneDrive - Ayuntamiento de Madrid\Documentos\ArcGIS\Default.gdb\ZONA_SER\Barrios_Zona_SER,CODDIS,0,2;NOMDIS "NOMDIS" true true false 50 Text 0 0,First,#,C:\Users\gsg010\OneDrive - Ayuntamiento de Madrid\Documentos\ArcGIS\Default.gdb\ZONA_SER\Barrios_Zona_SER,NOMDIS,0,50;CODBAR "CODBAR" true true false 1 Text 0 0,First,#,C:\Users\gsg010\OneDrive - Ayuntamiento de Madrid\Documentos\ArcGIS\Default.gdb\ZONA_SER\Barrios_Zona_SER,CODBAR,0,1;NOMBAR "NOMBAR" true true false 50 Text 0 0,First,#,C:\Users\gsg010\OneDrive - Ayuntamiento de Madrid\Documentos\ArcGIS\Default.gdb\ZONA_SER\Barrios_Zona_SER,NOMBAR,0,50;COD_DIS_TX "COD_DIS_TX" true true false 2 Text 0 0,First,#,C:\Users\gsg010\OneDrive - Ayuntamiento de Madrid\Documentos\ArcGIS\Default.gdb\ZONA_SER\Barrios_Zona_SER,COD_DIS_TX,0,2;COD_BAR_TX "COD_BAR_TX" true true false 3 Text 0 0,First,#,C:\Users\gsg010\OneDrive - Ayuntamiento de Madrid\Documentos\ArcGIS\Default.gdb\ZONA_SER\Barrios_Zona_SER,COD_BAR_TX,0,3;NOMBAR_MAY "NOMBAR_MAY" true true false 50 Text 0 0,First,#,C:\Users\gsg010\OneDrive - Ayuntamiento de Madrid\Documentos\ArcGIS\Default.gdb\ZONA_SER\Barrios_Zona_SER,NOMBAR_MAY,0,50;N_LOTE "N_LOTE" true true false 50 Text 0 0,First,#,C:\Users\gsg010\OneDrive - Ayuntamiento de Madrid\Documentos\ArcGIS\Default.gdb\ZONA_SER\Barrios_Zona_SER,N_LOTE,0,50" # #</Process><Process ToolSource="c:\program files\arcgis\pro\Resources\ArcToolbox\toolboxes\Conversion Tools.tbx\FeatureClassToFeatureClass" Date="20230922" Time="091728">FeatureClassToFeatureClass "Escala &gt; 2.500 y  &lt; 75.000\Límite de Barrios de la Zona S.E.R." S:\PUBLICACION\MOVILIDAD\ZONA_SER Limite_Barrios_Zona_SER.shp # "CODDIS "CÓDIGO DISTRITO" true true false 2 Text 0 0,First,#,Escala &gt; 2.500 y  &lt; 75.000\Límite de Barrios de la Zona S.E.R.,CODDIS,0,2;NOMDIS "NOMBRE DISTRITO" true true false 50 Text 0 0,First,#,Escala &gt; 2.500 y  &lt; 75.000\Límite de Barrios de la Zona S.E.R.,NOMDIS,0,50;CODBAR "CÓDIGO BARRIO" true true false 1 Text 0 0,First,#,Escala &gt; 2.500 y  &lt; 75.000\Límite de Barrios de la Zona S.E.R.,CODBAR,0,1;NOMBAR "NOMBRE BARRIO" true true false 50 Text 0 0,First,#,Escala &gt; 2.500 y  &lt; 75.000\Límite de Barrios de la Zona S.E.R.,NOMBAR,0,50" #</Process></lineage></DataProperties><SyncDate>20230922</SyncDate><SyncTime>09172600</SyncTime><ModDate>20230922</ModDate><ModTime>09172600</ModTime><ArcGISFormat>1.0</ArcGISFormat></Esri><dataIdInfo><envirDesc Sync="TRUE">Microsoft Windows 10 Version 10.0 (Build 19045) ; Esri ArcGIS 12.9.7.32739</envirDesc><dataLang><languageCode value="spa" Sync="TRUE"/><countryCode value="ESP" Sync="TRUE"/></dataLang><idCitation><resTitle Sync="TRUE">Limite_Barrios_Zona_SER</resTitle><presForm><PresFormCd value="005" Sync="TRUE"/></presForm></idCitation><spatRpType><SpatRepTypCd value="001" Sync="TRUE"/></spatRpType><dataExt><geoEle><GeoBndBox esriExtentType="search"><exTypeCode Sync="TRUE">1</exTypeCode><westBL Sync="TRUE">-3.889903</westBL><eastBL Sync="TRUE">-3.517440</eastBL><northBL Sync="TRUE">40.643969</northBL><southBL Sync="TRUE">40.310222</southBL></GeoBndBox></geoEle></dataExt></dataIdInfo><mdLang><languageCode value="spa" Sync="TRUE"/><countryCode value="ESP" Sync="TRUE"/></mdLang><mdChar><CharSetCd value="004" Sync="TRUE"/></mdChar><distInfo><distFormat><formatName Sync="TRUE">Shapefile</formatName></distFormat><distTranOps><transSize Sync="TRUE">0.000</transSize></distTranOps></distInfo><mdHrLv><ScopeCd value="005" Sync="TRUE"/></mdHrLv><mdHrLvName Sync="TRUE">dataset</mdHrLvName><refSysInfo><RefSystem><refSysID><identCode code="25830" Sync="TRUE"/><idCodeSpace Sync="TRUE">EPSG</idCodeSpace><idVersion Sync="TRUE">4.3(4.0.0)</idVersion></refSysID></RefSystem></refSysInfo><spatRepInfo><VectSpatRep><geometObjs Name="Limite_Barrios_Zona_SER"><geoObjTyp><GeoObjTypCd value="002" Sync="TRUE"></GeoObjTypCd></geoObjTyp><geoObjCnt Sync="TRUE">0</geoObjCnt></geometObjs><topLvl><TopoLevCd value="001" Sync="TRUE"></TopoLevCd></topLvl></VectSpatRep></spatRepInfo><spdoinfo><ptvctinf><esriterm Name="Limite_Barrios_Zona_SER"><efeatyp Sync="TRUE">Simple</efeatyp><efeageom code="4" Sync="TRUE"></efeageom><esritopo Sync="TRUE">FALSE</esritopo><efeacnt Sync="TRUE">0</efeacnt><spindex Sync="TRUE">FALSE</spindex><linrefer Sync="TRUE">FALSE</linrefer></esriterm></ptvctinf></spdoinfo><eainfo><detailed Name="Limite_Barrios_Zona_SER"><enttyp><enttypl Sync="TRUE">Limite_Barrios_Zona_SER</enttypl><enttypt Sync="TRUE">Feature Class</enttypt><enttypc Sync="TRUE">0</enttypc></enttyp><attr><attrlabl Sync="TRUE">FID</attrlabl><attalias Sync="TRUE">FID</attalias><attrtype Sync="TRUE">OID</attrtype><attwidth Sync="TRUE">4</attwidth><atprecis Sync="TRUE">0</atprecis><attscale Sync="TRUE">0</attscale><attrdef Sync="TRUE">Internal feature number.</attrdef><attrdefs Sync="TRUE">Esri</attrdefs><attrdomv><udom Sync="TRUE">Sequential unique whole numbers that are automatically generated.</udom></attrdomv></attr><attr><attrlabl Sync="TRUE">Shape</attrlabl><attalias Sync="TRUE">Shape</attalias><attrtype Sync="TRUE">Geometry</attrtype><attwidth Sync="TRUE">0</attwidth><atprecis Sync="TRUE">0</atprecis><attscale Sync="TRUE">0</attscale><attrdef Sync="TRUE">Feature geometry.</attrdef><attrdefs Sync="TRUE">Esri</attrdefs><attrdomv><udom Sync="TRUE">Coordinates defining the features.</udom></attrdomv></attr><attr><attrlabl Sync="TRUE">CODDIS</attrlabl><attalias Sync="TRUE">CODDIS</attalias><attrtype Sync="TRUE">String</attrtype><attwidth Sync="TRUE">2</attwidth><atprecis Sync="TRUE">0</atprecis><attscale Sync="TRUE">0</attscale></attr><attr><attrlabl Sync="TRUE">CODBAR</attrlabl><attalias Sync="TRUE">CODBAR</attalias><attrtype Sync="TRUE">String</attrtype><attwidth Sync="TRUE">1</attwidth><atprecis Sync="TRUE">0</atprecis><attscale Sync="TRUE">0</attscale></attr><attr><attrlabl Sync="TRUE">NOMBAR</attrlabl><attalias Sync="TRUE">NOMBAR</attalias><attrtype Sync="TRUE">String</attrtype><attwidth Sync="TRUE">50</attwidth><atprecis Sync="TRUE">0</atprecis><attscale Sync="TRUE">0</attscale></attr><attr><attrlabl Sync="TRUE">NOMDIS</attrlabl><attalias Sync="TRUE">NOMDIS</attalias><attrtype Sync="TRUE">String</attrtype><attwidth Sync="TRUE">50</attwidth><atprecis Sync="TRUE">0</atprecis><attscale Sync="TRUE">0</attscale></attr></detailed></eainfo><mdDateSt Sync="TRUE">20230922</mdDateSt></gmd:MD_Metadata>
